PLANNING_SELECTED,PRODUCT,BUDGET_GROUP,SALE_CHANNEL_GRP,CREATE_MONTH, LOSS_RATE_PJ , LA in Bio 
GOODBANK,CDL,NON PROMO NON-PORTABLE,3P-POS,01/12/2022, 0.029224 ," 203,338,000 "
GOODBANK,CDL,NON PROMO NON-PORTABLE,3P-POS,01/01/2023, 0.089103 ," 7,657,592,100 "
GOODBANK,CDL,NON PROMO NON-PORTABLE,3P-POS,01/02/2023, 0.123513 ," 5,869,528,000 "
GOODBANK,CDL,NON PROMO NON-PORTABLE,3P-POS,01/03/2023, 0.077010 ," 5,438,952,000 "
GOODBANK,CDL,NON PROMO NON-PORTABLE,3P-POS,01/04/2023, 0.044964 ," 8,123,915,100 "
GOODBANK,CDL,NON PROMO NON-PORTABLE,3P-POS,01/05/2023, 0.039409 ," 3,423,617,000 "
GOODBANK,CDL,NON PROMO NON-PORTABLE,IH-POS,01/12/2022, 0.107432 ," 135,330,000 "
GOODBANK,CDL,NON PROMO NON-PORTABLE,IH-POS,01/01/2023, 0.056351 ," 2,758,785,000 "
GOODBANK,CDL,NON PROMO NON-PORTABLE,IH-POS,01/02/2023, 0.054435 ," 1,514,217,000 "
GOODBANK,CDL,NON PROMO NON-PORTABLE,IH-POS,01/03/2023, 0.030652 ," 1,290,120,000 "
GOODBANK,CDL,NON PROMO NON-PORTABLE,IH-POS,01/04/2023, 0.041719 ," 1,450,024,000 "
GOODBANK,CDL,NON PROMO NON-PORTABLE,IH-POS,01/05/2023, -   ," 1,344,225,000 "
GOODBANK,CDL,NON PROMO PORTABLE,3P-POS,01/12/2022, 0.166353 ," 2,638,475,150 "
GOODBANK,CDL,NON PROMO PORTABLE,3P-POS,01/01/2023, 0.132804 ," 29,324,896,881 "
GOODBANK,CDL,NON PROMO PORTABLE,3P-POS,01/02/2023, 0.122520 ," 31,089,058,200 "
GOODBANK,CDL,NON PROMO PORTABLE,3P-POS,01/03/2023, 0.126135 ," 32,000,387,500 "
GOODBANK,CDL,NON PROMO PORTABLE,3P-POS,01/04/2023, 0.131035 ," 38,681,792,083 "
GOODBANK,CDL,NON PROMO PORTABLE,3P-POS,01/05/2023, 0.083507 ," 13,565,559,000 "
GOODBANK,CDL,NON PROMO PORTABLE,IH-POS,01/12/2022, 0.173441 ," 1,686,108,000 "
GOODBANK,CDL,NON PROMO PORTABLE,IH-POS,01/01/2023, 0.126227 ," 6,961,483,000 "
GOODBANK,CDL,NON PROMO PORTABLE,IH-POS,01/02/2023, 0.119846 ," 7,724,111,150 "
GOODBANK,CDL,NON PROMO PORTABLE,IH-POS,01/03/2023, 0.117437 ," 6,452,220,000 "
GOODBANK,CDL,NON PROMO PORTABLE,IH-POS,01/04/2023, 0.072537 ," 6,219,628,000 "
GOODBANK,CDL,NON PROMO PORTABLE,IH-POS,01/05/2023, 0.073996 ," 5,727,027,000 "
GOODBANK,CDL,PROMO NON-PORTABLE,3P-POS,01/12/2022, 0.017130 ," 21,074,894,886 "
GOODBANK,CDL,PROMO NON-PORTABLE,3P-POS,01/01/2023, 0.044019 ," 27,967,593,640 "
GOODBANK,CDL,PROMO NON-PORTABLE,3P-POS,01/02/2023, 0.048001 ," 13,417,790,130 "
GOODBANK,CDL,PROMO NON-PORTABLE,3P-POS,01/03/2023, 0.020751 ," 30,291,120,990 "
GOODBANK,CDL,PROMO NON-PORTABLE,3P-POS,01/04/2023, 0.011201 ," 61,177,466,441 "
GOODBANK,CDL,PROMO NON-PORTABLE,3P-POS,01/05/2023, 0.040241 ," 4,806,230,000 "
GOODBANK,CDL,PROMO NON-PORTABLE,IH-POS,01/12/2022, 0.080821 ," 1,153,565,360 "
GOODBANK,CDL,PROMO NON-PORTABLE,IH-POS,01/01/2023, 0.030268 ," 6,558,720,000 "
GOODBANK,CDL,PROMO NON-PORTABLE,IH-POS,01/02/2023, 0.054166 ," 2,099,439,000 "
GOODBANK,CDL,PROMO NON-PORTABLE,IH-POS,01/03/2023, 0.025092 ," 1,713,960,000 "
GOODBANK,CDL,PROMO NON-PORTABLE,IH-POS,01/04/2023, 0.022615 ," 2,164,197,000 "
GOODBANK,CDL,PROMO NON-PORTABLE,IH-POS,01/05/2023, 0.011246 ," 1,856,523,000 "
GOODBANK,CDL,PROMO PORTABLE,3P-POS,01/12/2022, 0.044848 ," 37,033,504,318 "
GOODBANK,CDL,PROMO PORTABLE,3P-POS,01/01/2023, 0.044545 ," 79,255,925,030 "
GOODBANK,CDL,PROMO PORTABLE,3P-POS,01/02/2023, 0.042821 ," 91,191,816,508 "
GOODBANK,CDL,PROMO PORTABLE,3P-POS,01/03/2023, 0.040035 ," 123,849,376,145 "
GOODBANK,CDL,PROMO PORTABLE,3P-POS,01/04/2023, 0.037470 ," 118,042,687,502 "
GOODBANK,CDL,PROMO PORTABLE,3P-POS,01/05/2023, 0.041385 ," 17,979,206,000 "
GOODBANK,CDL,PROMO PORTABLE,IH-POS,01/12/2022, 0.083305 ," 1,546,306,278 "
GOODBANK,CDL,PROMO PORTABLE,IH-POS,01/01/2023, 0.092290 ," 4,694,795,292 "
GOODBANK,CDL,PROMO PORTABLE,IH-POS,01/02/2023, 0.051791 ," 3,371,242,800 "
GOODBANK,CDL,PROMO PORTABLE,IH-POS,01/03/2023, 0.076451 ," 2,872,083,000 "
GOODBANK,CDL,PROMO PORTABLE,IH-POS,01/04/2023, 0.028298 ," 3,175,213,000 "
GOODBANK,CDL,PROMO PORTABLE,IH-POS,01/05/2023, 0.036481 ," 2,540,557,000 "
GOODBANK,CRC,(blank),3P-DSA,01/12/2022,," 24,000,000 "
GOODBANK,CRC,(blank),3P-DSA,01/01/2023,," 36,000,000 "
GOODBANK,CRC,(blank),IH-DSA,01/12/2022,," 39,432,000,000 "
GOODBANK,CRC,(blank),IH-DSA,01/01/2023,," 3,852,000,000 "
GOODBANK,CRC,(blank),IH-TSA,01/12/2022,," 1,884,000,000 "
GOODBANK,CRC,(blank),IH-TSA,01/01/2023,," 108,000,000 "
GOODBANK,CRC,(blank),IH-TSA TR,01/12/2022,," 84,000,000 "
GOODBANK,CRC,(blank),Unidentified,01/01/2023,," 3,000,000 "
GOODBANK,CRC,STAFF,Digital,01/12/2022,," 15,000,000 "
GOODBANK,PLLG,LG HIGH SCORE,IH-TSA,01/12/2022, 0.291403 ," 269,375,000 "
GOODBANK,PLLG,LG HIGH SCORE,IH-TSA,01/01/2023, -   ," 91,610,000 "
GOODBANK,PLLG,LG HIGH SCORE,IH-TSA LG,01/12/2022, 0.258982 ," 29,031,833,000 "
GOODBANK,PLLG,LG HIGH SCORE,IH-TSA LG,01/01/2023, 0.164599 ," 15,254,507,000 "
GOODBANK,PLLG,LG HIGH SCORE,IH-TSA LG,01/02/2023, 0.248925 ," 17,464,852,000 "
GOODBANK,PLLG,LG HIGH SCORE,IH-TSA LG,01/03/2023, 0.266853 ," 13,372,524,000 "
GOODBANK,PLLG,LG HIGH SCORE,IH-TSA LG,01/04/2023, 0.260134 ," 13,902,723,000 "
GOODBANK,PLLG,LG HIGH SCORE,IH-TSA LG,01/05/2023, 0.298633 ," 12,903,406,000 "
GOODBANK,PLLG,LG LOW SCORE,IH-TSA LG,01/12/2022, 0.346641 ," 225,130,000 "
GOODBANK,PLLG,LG LOW SCORE,IH-TSA LG,01/01/2023, -   ," 10,000,000 "
GOODBANK,PLLG,LG LOW SCORE,IH-TSA LG,01/02/2023, 0.702325 ," 2,433,258,000 "
GOODBANK,PLLG,LG LOW SCORE,IH-TSA LG,01/03/2023, 0.457151 ," 6,729,080,000 "
GOODBANK,PLLG,LG LOW SCORE,IH-TSA LG,01/04/2023, 0.484364 ," 5,607,820,000 "
GOODBANK,PLLG,LG LOW SCORE,IH-TSA LG,01/05/2023, 0.383013 ," 5,681,133,000 "
GOODBANK,PLLG,LG MED SCORE,IH-TSA,01/01/2023, -   ," 33,116,000 "
GOODBANK,PLLG,LG MED SCORE,IH-TSA LG,01/12/2022, 0.344979 ," 7,667,964,000 "
GOODBANK,PLLG,LG MED SCORE,IH-TSA LG,01/01/2023, 0.309615 ," 7,247,760,000 "
GOODBANK,PLLG,LG MED SCORE,IH-TSA LG,01/02/2023, 0.304649 ," 14,682,139,000 "
GOODBANK,PLLG,LG MED SCORE,IH-TSA LG,01/03/2023, 0.319093 ," 17,595,165,000 "
GOODBANK,PLLG,LG MED SCORE,IH-TSA LG,01/04/2023, 0.279011 ," 18,396,949,000 "
GOODBANK,PLLG,LG MED SCORE,IH-TSA LG,01/05/2023, 0.269258 ," 15,920,558,000 "
GOODBANK,PLLG,ZALO HIGH SCORE,IH-TSA LG,01/12/2022, 0.223226 ," 23,887,128,000 "
GOODBANK,PLLG,ZALO HIGH SCORE,IH-TSA LG,01/01/2023, 0.177675 ," 13,155,896,000 "
GOODBANK,PLLG,ZALO HIGH SCORE,IH-TSA LG,01/02/2023, 0.258352 ," 25,028,435,000 "
GOODBANK,PLLG,ZALO HIGH SCORE,IH-TSA LG,01/03/2023, 0.240782 ," 19,374,927,000 "
GOODBANK,PLLG,ZALO HIGH SCORE,IH-TSA LG,01/04/2023, 0.103473 ," 2,772,840,000 "
GOODBANK,PLLG,ZALO LOW SCORE,IH-TSA LG,01/12/2022, -   ," 32,250,000 "
GOODBANK,PLLG,ZALO LOW SCORE,IH-TSA LG,01/03/2023, 0.133167 ," 810,698,000 "
GOODBANK,PLLG,ZALO LOW SCORE,IH-TSA LG,01/04/2023, 0.324674 ," 1,559,750,000 "
GOODBANK,PLLG,ZALO MED SCORE,IH-TSA LG,01/12/2022, 0.320806 ," 17,601,687,000 "
GOODBANK,PLLG,ZALO MED SCORE,IH-TSA LG,01/01/2023, 0.308890 ," 11,470,238,000 "
GOODBANK,PLLG,ZALO MED SCORE,IH-TSA LG,01/02/2023, 0.342745 ," 17,853,688,000 "
GOODBANK,PLLG,ZALO MED SCORE,IH-TSA LG,01/03/2023, 0.331522 ," 15,063,178,000 "
GOODBANK,PLLG,ZALO MED SCORE,IH-TSA LG,01/04/2023, 0.200619 ," 4,980,314,000 "
GOODBANK,PLNLG,B@W,3P-DSA,01/12/2022, 0.181625 ," 1,238,503,000 "
GOODBANK,PLNLG,B@W,3P-DSA,01/01/2023, 0.224327 ," 2,958,150,000 "
GOODBANK,PLNLG,B@W,3P-DSA,01/02/2023, 0.168363 ," 3,082,527,000 "
GOODBANK,PLNLG,B@W,3P-DSA,01/03/2023, 0.431804 ," 722,568,000 "
GOODBANK,PLNLG,B@W,IH-DSA,01/12/2022, 0.219503 ," 25,949,781,000 "
GOODBANK,PLNLG,B@W,IH-DSA,01/01/2023, 0.219887 ," 27,014,080,000 "
GOODBANK,PLNLG,B@W,IH-DSA,01/02/2023, 0.192408 ," 17,729,521,000 "
GOODBANK,PLNLG,B@W,IH-DSA,01/03/2023, -   ," 62,750,000 "
GOODBANK,PLNLG,B@W,IH-POS,01/12/2022, 0.227854 ," 4,414,860,000 "
GOODBANK,PLNLG,B@W,IH-POS,01/01/2023, 0.180773 ," 7,245,015,000 "
GOODBANK,PLNLG,B@W,IH-POS,01/02/2023, 0.171738 ," 5,062,523,000 "
GOODBANK,PLNLG,B@W,IH-POS,01/03/2023, 0.244921 ," 671,765,000 "
GOODBANK,PLNLG,B@W,Unidentified,01/03/2023, -   ," 10,000,000 "
GOODBANK,PLNLG,UNIFIED NONLG,3P-DSA,01/12/2022, 0.364968 ," 34,483,060,000 "
GOODBANK,PLNLG,UNIFIED NONLG,3P-DSA,01/01/2023, 0.377118 ," 68,557,041,000 "
GOODBANK,PLNLG,UNIFIED NONLG,3P-DSA,01/02/2023, 0.433027 ," 79,626,002,000 "
GOODBANK,PLNLG,UNIFIED NONLG,3P-DSA,01/03/2023, 0.468305 ," 94,509,637,000 "
GOODBANK,PLNLG,UNIFIED NONLG,3P-DSA,01/04/2023, 0.407923 ," 110,772,633,000 "
GOODBANK,PLNLG,UNIFIED NONLG,3P-DSA,01/05/2023, 0.343641 ," 132,129,142,000 "
GOODBANK,PLNLG,UNIFIED NONLG,3P-TSA,01/02/2023, 0.546821 ," 741,151,000 "
GOODBANK,PLNLG,UNIFIED NONLG,3P-TSA,01/03/2023, 0.259473 ," 5,619,675,000 "
GOODBANK,PLNLG,UNIFIED NONLG,3P-TSA,01/04/2023, 0.257450 ," 9,869,206,000 "
GOODBANK,PLNLG,UNIFIED NONLG,3P-TSA,01/05/2023, 0.263953 ," 11,588,647,000 "
GOODBANK,PLNLG,UNIFIED NONLG,IH-DSA,01/12/2022, 0.291619 ," 331,840,476,000 "
GOODBANK,PLNLG,UNIFIED NONLG,IH-DSA,01/01/2023, 0.267532 ," 450,402,645,002 "
GOODBANK,PLNLG,UNIFIED NONLG,IH-DSA,01/02/2023, 0.310970 ," 485,303,575,000 "
GOODBANK,PLNLG,UNIFIED NONLG,IH-DSA,01/03/2023, 0.328552 ," 530,064,114,000 "
GOODBANK,PLNLG,UNIFIED NONLG,IH-DSA,01/04/2023, 0.289238 ," 517,485,415,000 "
GOODBANK,PLNLG,UNIFIED NONLG,IH-DSA,01/05/2023, 0.262178 ," 556,044,610,000 "
GOODBANK,PLNLG,UNIFIED NONLG,IH-POS,01/12/2022, 0.259886 ," 62,783,879,000 "
GOODBANK,PLNLG,UNIFIED NONLG,IH-POS,01/01/2023, 0.226397 ," 91,947,743,000 "
GOODBANK,PLNLG,UNIFIED NONLG,IH-POS,01/02/2023, 0.260951 ," 110,155,652,000 "
GOODBANK,PLNLG,UNIFIED NONLG,IH-POS,01/03/2023, 0.271810 ," 137,164,077,000 "
GOODBANK,PLNLG,UNIFIED NONLG,IH-POS,01/04/2023, 0.242848 ," 139,540,309,000 "
GOODBANK,PLNLG,UNIFIED NONLG,IH-POS,01/05/2023, 0.222068 ," 151,670,187,000 "
GOODBANK,PLNLG,UNIFIED NONLG,IH-TSA,01/12/2022, 0.375902 ," 9,944,401,000 "
GOODBANK,PLNLG,UNIFIED NONLG,IH-TSA,01/01/2023, 0.243415 ," 10,805,519,000 "
GOODBANK,PLNLG,UNIFIED NONLG,IH-TSA,01/02/2023, 0.299324 ," 14,164,641,000 "
GOODBANK,PLNLG,UNIFIED NONLG,IH-TSA,01/03/2023, 0.263486 ," 40,735,752,000 "
GOODBANK,PLNLG,UNIFIED NONLG,IH-TSA,01/04/2023, 0.239800 ," 49,819,559,000 "
GOODBANK,PLNLG,UNIFIED NONLG,IH-TSA,01/05/2023, 0.195289 ," 61,987,753,000 "
GOODBANK,PLNLG,UNIFIED NONLG,IH-TSA LG,01/12/2022, 0.343704 ," 40,007,412,000 "
GOODBANK,PLNLG,UNIFIED NONLG,IH-TSA LG,01/01/2023, 0.345877 ," 54,673,836,000 "
GOODBANK,PLNLG,UNIFIED NONLG,IH-TSA LG,01/02/2023, 0.361738 ," 74,161,336,000 "
GOODBANK,PLNLG,UNIFIED NONLG,IH-TSA LG,01/03/2023, 0.369411 ," 96,126,312,000 "
GOODBANK,PLNLG,UNIFIED NONLG,IH-TSA LG,01/04/2023, 0.308639 ," 93,477,634,000 "
GOODBANK,PLNLG,UNIFIED NONLG,IH-TSA LG,01/05/2023, 0.269298 ," 112,483,612,000 "
GOODBANK,PLNLG,UNIFIED NONLG,IH-TSA TR,01/12/2022, 0.078522 ," 1,243,209,000 "
GOODBANK,PLNLG,UNIFIED NONLG,IH-TSA TR,01/01/2023, 0.260017 ," 1,935,736,000 "
GOODBANK,PLNLG,UNIFIED NONLG,IH-TSA TR,01/02/2023, 0.252289 ," 1,729,186,000 "
GOODBANK,PLNLG,UNIFIED NONLG,IH-TSA TR,01/03/2023, 0.245519 ," 1,908,627,000 "
GOODBANK,PLNLG,UNIFIED NONLG,IH-TSA TR,01/04/2023, 0.181513 ," 2,852,755,000 "
GOODBANK,PLNLG,UNIFIED NONLG,IH-TSA TR,01/05/2023, 0.455261 ," 2,508,597,000 "
GOODBANK,PLNLG,UNIFIED NONLG,Unidentified,01/03/2023, -   ," 30,000,000 "
GOODBANK,PLNLG,UNIFIED NONLG,Unidentified,01/04/2023, 0.703901 ," 226,910,000 "
GOODBANK,PLNLG,UNIFIED NONLG,Unidentified,01/05/2023, -   ," 827,545,000 "
GOODBANK,TW,TWL NON PROMO NEW BIKE HIGH DP,3P-DSA,01/04/2023, -   ," 18,060,000 "
GOODBANK,TW,TWL NON PROMO NEW BIKE HIGH DP,3P-DSA,01/05/2023, -   ," 10,500,000 "
GOODBANK,TW,TWL NON PROMO NEW BIKE HIGH DP,IH-POS,01/12/2022, 0.081641 ," 4,264,245,800 "
GOODBANK,TW,TWL NON PROMO NEW BIKE HIGH DP,IH-POS,01/01/2023, 0.051415 ," 34,507,409,000 "
GOODBANK,TW,TWL NON PROMO NEW BIKE HIGH DP,IH-POS,01/02/2023, 0.049009 ," 18,066,740,000 "
GOODBANK,TW,TWL NON PROMO NEW BIKE HIGH DP,IH-POS,01/03/2023, 0.057012 ," 13,168,683,000 "
GOODBANK,TW,TWL NON PROMO NEW BIKE HIGH DP,IH-POS,01/04/2023, 0.056121 ," 14,795,635,000 "
GOODBANK,TW,TWL NON PROMO NEW BIKE HIGH DP,IH-POS,01/05/2023, 0.072052 ," 11,514,133,000 "
GOODBANK,TW,TWL NON PROMO NEW BIKE LOW DP,3P-DSA,01/01/2023, -   ," 153,228,000 "
GOODBANK,TW,TWL NON PROMO NEW BIKE LOW DP,3P-DSA,01/02/2023, -   ," 28,147,000 "
GOODBANK,TW,TWL NON PROMO NEW BIKE LOW DP,3P-DSA,01/03/2023, -   ," 24,001,000 "
GOODBANK,TW,TWL NON PROMO NEW BIKE LOW DP,3P-DSA,01/04/2023, -   ," 23,619,000 "
GOODBANK,TW,TWL NON PROMO NEW BIKE LOW DP,3P-DSA,01/05/2023,," 19,148,000 "
GOODBANK,TW,TWL NON PROMO NEW BIKE LOW DP,IH-POS,01/12/2022, 0.076963 ," 16,995,119,192 "
GOODBANK,TW,TWL NON PROMO NEW BIKE LOW DP,IH-POS,01/01/2023, 0.051828 ," 61,113,916,000 "
GOODBANK,TW,TWL NON PROMO NEW BIKE LOW DP,IH-POS,01/02/2023, 0.067445 ," 33,753,137,000 "
GOODBANK,TW,TWL NON PROMO NEW BIKE LOW DP,IH-POS,01/03/2023, 0.053275 ," 26,402,246,000 "
GOODBANK,TW,TWL NON PROMO NEW BIKE LOW DP,IH-POS,01/04/2023, 0.068010 ," 29,237,108,000 "
GOODBANK,TW,TWL NON PROMO NEW BIKE LOW DP,IH-POS,01/05/2023, 0.076190 ," 21,791,759,000 "
GOODBANK,TW,TWL NON PROMO USED BIKE HIGH DP,IH-POS,01/12/2022, -   ," 336,235,000 "
GOODBANK,TW,TWL NON PROMO USED BIKE HIGH DP,IH-POS,01/01/2023, 0.123793 ," 759,195,000 "
GOODBANK,TW,TWL NON PROMO USED BIKE HIGH DP,IH-POS,01/02/2023, 0.117097 ," 839,118,000 "
GOODBANK,TW,TWL NON PROMO USED BIKE HIGH DP,IH-POS,01/03/2023, 0.113299 ," 818,184,000 "
GOODBANK,TW,TWL NON PROMO USED BIKE HIGH DP,IH-POS,01/04/2023, 0.096667 ," 1,096,380,000 "
GOODBANK,TW,TWL NON PROMO USED BIKE HIGH DP,IH-POS,01/05/2023, 0.086293 ," 659,940,000 "
GOODBANK,TW,TWL PROMO NEW BIKE HIGH DP,3P-DSA,01/12/2022, -   ," 25,200,240 "
GOODBANK,TW,TWL PROMO NEW BIKE HIGH DP,3P-DSA,01/01/2023, -   ," 44,190,000 "
GOODBANK,TW,TWL PROMO NEW BIKE HIGH DP,3P-DSA,01/02/2023, -   ," 27,974,000 "
GOODBANK,TW,TWL PROMO NEW BIKE HIGH DP,3P-DSA,01/03/2023, -   ," 53,991,000 "
GOODBANK,TW,TWL PROMO NEW BIKE HIGH DP,3P-DSA,01/04/2023, -   ," 103,899,000 "
GOODBANK,TW,TWL PROMO NEW BIKE HIGH DP,3P-DSA,01/05/2023, -   ," 25,231,000 "
GOODBANK,TW,TWL PROMO NEW BIKE HIGH DP,IH-POS,01/12/2022, 0.021674 ," 5,473,880,878 "
GOODBANK,TW,TWL PROMO NEW BIKE HIGH DP,IH-POS,01/01/2023, 0.022150 ," 49,469,441,840 "
GOODBANK,TW,TWL PROMO NEW BIKE HIGH DP,IH-POS,01/02/2023, 0.026514 ," 27,976,872,200 "
GOODBANK,TW,TWL PROMO NEW BIKE HIGH DP,IH-POS,01/03/2023, 0.020744 ," 24,790,937,000 "
GOODBANK,TW,TWL PROMO NEW BIKE HIGH DP,IH-POS,01/04/2023, 0.011713 ," 24,740,987,000 "
GOODBANK,TW,TWL PROMO NEW BIKE HIGH DP,IH-POS,01/05/2023, 0.014206 ," 18,312,204,000 "
GOODBANK,TW,TWL PROMO NEW BIKE LOW DP,3P-DSA,01/02/2023, -   ," 50,279,000 "
GOODBANK,TW,TWL PROMO NEW BIKE LOW DP,3P-DSA,01/03/2023, -   ," 18,271,000 "
GOODBANK,TW,TWL PROMO NEW BIKE LOW DP,3P-DSA,01/05/2023, -   ," 16,149,000 "
GOODBANK,TW,TWL PROMO NEW BIKE LOW DP,IH-POS,01/12/2022, 0.064407 ," 4,370,317,711 "
GOODBANK,TW,TWL PROMO NEW BIKE LOW DP,IH-POS,01/01/2023, 0.068770 ," 23,247,676,400 "
GOODBANK,TW,TWL PROMO NEW BIKE LOW DP,IH-POS,01/02/2023, 0.055141 ," 18,934,103,000 "
GOODBANK,TW,TWL PROMO NEW BIKE LOW DP,IH-POS,01/03/2023, 0.050267 ," 16,263,999,000 "
GOODBANK,TW,TWL PROMO NEW BIKE LOW DP,IH-POS,01/04/2023, 0.059311 ," 13,571,887,000 "
GOODBANK,TW,TWL PROMO NEW BIKE LOW DP,IH-POS,01/05/2023, 0.066985 ," 12,015,002,000 "
GOODBANK,TW,TWL PROMO USED BIKE HIGH DP,3P-DSA,01/05/2023, -   ," 42,639,000 "
GOODBANK,TW,TWL PROMO USED BIKE HIGH DP,IH-POS,01/12/2022, 0.036537 ," 4,389,332,289 "
GOODBANK,TW,TWL PROMO USED BIKE HIGH DP,IH-POS,01/01/2023, 0.082526 ," 23,490,830,000 "
GOODBANK,TW,TWL PROMO USED BIKE HIGH DP,IH-POS,01/02/2023, 0.081999 ," 17,957,021,000 "
GOODBANK,TW,TWL PROMO USED BIKE HIGH DP,IH-POS,01/03/2023, 0.086920 ," 18,524,790,000 "
GOODBANK,TW,TWL PROMO USED BIKE HIGH DP,IH-POS,01/04/2023, 0.085524 ," 22,160,210,000 "
GOODBANK,TW,TWL PROMO USED BIKE HIGH DP,IH-POS,01/05/2023, 0.051402 ," 17,788,838,000 "
GOODBANK,TW,TWL PROMO USED BIKE LOW DP,IH-POS,01/12/2022, -   ," 90,822,000 "
GOODBANK,TW,TWL PROMO USED BIKE LOW DP,IH-POS,01/01/2023, 0.130700 ," 4,623,352,000 "
GOODBANK,TW,TWL PROMO USED BIKE LOW DP,IH-POS,01/02/2023, 0.079839 ," 1,934,390,000 "
GOODBANK,TW,TWL PROMO USED BIKE LOW DP,IH-POS,01/03/2023, 0.132328 ," 2,287,959,000 "
GOODBANK,TW,TWL PROMO USED BIKE LOW DP,IH-POS,01/04/2023, 0.100893 ," 1,268,972,000 "
GOODBANK,TW,UNIFIED NONLG,3P-DSA,01/01/2023, -   ," 10,000,000 "
GOODBANK,TW,UNIFIED NONLG,IH-DSA,01/01/2023, -   ," 20,000,000 "
GOODBANK,XS,XSELL_HIGH NEED_HIGH RISK,3P-DSA,01/12/2022, 0.248843 ," 1,849,258,000 "
GOODBANK,XS,XSELL_HIGH NEED_HIGH RISK,3P-DSA,01/01/2023, 0.198235 ," 2,172,343,000 "
GOODBANK,XS,XSELL_HIGH NEED_HIGH RISK,3P-DSA,01/02/2023, 0.300607 ," 1,588,248,000 "
GOODBANK,XS,XSELL_HIGH NEED_HIGH RISK,3P-DSA,01/03/2023, 0.258034 ," 2,007,656,000 "
GOODBANK,XS,XSELL_HIGH NEED_HIGH RISK,3P-DSA,01/04/2023, 0.220213 ," 2,417,847,000 "
GOODBANK,XS,XSELL_HIGH NEED_HIGH RISK,3P-DSA,01/05/2023, -   ," 2,043,669,000 "
GOODBANK,XS,XSELL_HIGH NEED_HIGH RISK,3P-TSA,01/12/2022, 0.236919 ," 36,802,917,000 "
GOODBANK,XS,XSELL_HIGH NEED_HIGH RISK,3P-TSA,01/01/2023, 0.193978 ," 33,010,240,000 "
GOODBANK,XS,XSELL_HIGH NEED_HIGH RISK,3P-TSA,01/02/2023, 0.231620 ," 21,431,034,000 "
GOODBANK,XS,XSELL_HIGH NEED_HIGH RISK,3P-TSA,01/03/2023, 0.210821 ," 24,371,778,000 "
GOODBANK,XS,XSELL_HIGH NEED_HIGH RISK,3P-TSA,01/04/2023, 0.202242 ," 18,725,391,000 "
GOODBANK,XS,XSELL_HIGH NEED_HIGH RISK,3P-TSA,01/05/2023, 0.165732 ," 16,513,437,000 "
GOODBANK,XS,XSELL_HIGH NEED_HIGH RISK,IH-DSA,01/12/2022, 0.236602 ," 16,243,994,000 "
GOODBANK,XS,XSELL_HIGH NEED_HIGH RISK,IH-DSA,01/01/2023, 0.176711 ," 15,607,493,000 "
GOODBANK,XS,XSELL_HIGH NEED_HIGH RISK,IH-DSA,01/02/2023, 0.229995 ," 9,255,480,000 "
GOODBANK,XS,XSELL_HIGH NEED_HIGH RISK,IH-DSA,01/03/2023, 0.216901 ," 9,748,017,000 "
GOODBANK,XS,XSELL_HIGH NEED_HIGH RISK,IH-DSA,01/04/2023, 0.232836 ," 9,305,704,000 "
GOODBANK,XS,XSELL_HIGH NEED_HIGH RISK,IH-DSA,01/05/2023, 0.225256 ," 5,991,390,000 "
GOODBANK,XS,XSELL_HIGH NEED_HIGH RISK,IH-POS,01/12/2022, 0.221573 ," 8,693,973,000 "
GOODBANK,XS,XSELL_HIGH NEED_HIGH RISK,IH-POS,01/01/2023, 0.170647 ," 9,982,963,000 "
GOODBANK,XS,XSELL_HIGH NEED_HIGH RISK,IH-POS,01/02/2023, 0.161745 ," 6,666,649,000 "
GOODBANK,XS,XSELL_HIGH NEED_HIGH RISK,IH-POS,01/03/2023, 0.170047 ," 5,428,153,000 "
GOODBANK,XS,XSELL_HIGH NEED_HIGH RISK,IH-POS,01/04/2023, 0.146838 ," 5,316,172,000 "
GOODBANK,XS,XSELL_HIGH NEED_HIGH RISK,IH-POS,01/05/2023, -   ," 3,074,608,000 "
GOODBANK,XS,XSELL_HIGH NEED_HIGH RISK,IH-TSA,01/12/2022, 0.233825 ," 83,903,416,000 "
GOODBANK,XS,XSELL_HIGH NEED_HIGH RISK,IH-TSA,01/01/2023, 0.211631 ," 59,235,987,000 "
GOODBANK,XS,XSELL_HIGH NEED_HIGH RISK,IH-TSA,01/02/2023, 0.221801 ," 32,172,595,000 "
GOODBANK,XS,XSELL_HIGH NEED_HIGH RISK,IH-TSA,01/03/2023, 0.226748 ," 34,477,843,000 "
GOODBANK,XS,XSELL_HIGH NEED_HIGH RISK,IH-TSA,01/04/2023, 0.191186 ," 28,264,788,000 "
GOODBANK,XS,XSELL_HIGH NEED_HIGH RISK,IH-TSA,01/05/2023, 0.173996 ," 20,255,408,000 "
GOODBANK,XS,XSELL_HIGH NEED_HIGH RISK,IH-TSA LG,01/12/2022, 0.189512 ," 21,061,308,000 "
GOODBANK,XS,XSELL_HIGH NEED_HIGH RISK,IH-TSA LG,01/01/2023, 0.189086 ," 14,037,327,000 "
GOODBANK,XS,XSELL_HIGH NEED_HIGH RISK,IH-TSA LG,01/02/2023, 0.158845 ," 11,080,636,000 "
GOODBANK,XS,XSELL_HIGH NEED_HIGH RISK,IH-TSA LG,01/03/2023, 0.193735 ," 11,391,416,000 "
GOODBANK,XS,XSELL_HIGH NEED_HIGH RISK,IH-TSA LG,01/04/2023, 0.205880 ," 10,222,341,000 "
GOODBANK,XS,XSELL_HIGH NEED_HIGH RISK,IH-TSA LG,01/05/2023, 0.149871 ," 6,267,967,000 "
GOODBANK,XS,XSELL_HIGH NEED_HIGH RISK,IH-TSA TR,01/12/2022, 0.164728 ," 6,918,026,000 "
GOODBANK,XS,XSELL_HIGH NEED_HIGH RISK,IH-TSA TR,01/01/2023, 0.162500 ," 5,541,285,000 "
GOODBANK,XS,XSELL_HIGH NEED_HIGH RISK,IH-TSA TR,01/02/2023, 0.119917 ," 3,074,597,000 "
GOODBANK,XS,XSELL_HIGH NEED_HIGH RISK,IH-TSA TR,01/03/2023, 0.104191 ," 3,534,951,000 "
GOODBANK,XS,XSELL_HIGH NEED_HIGH RISK,IH-TSA TR,01/04/2023, 0.199864 ," 5,188,640,000 "
GOODBANK,XS,XSELL_HIGH NEED_HIGH RISK,IH-TSA TR,01/05/2023, 0.206159 ," 2,920,800,000 "
GOODBANK,XS,XSELL_HIGH NEED_LOW RISK,3P-DSA,01/01/2023, -   ," 206,863,000 "
GOODBANK,XS,XSELL_HIGH NEED_LOW RISK,3P-DSA,01/02/2023, -   ," 430,534,000 "
GOODBANK,XS,XSELL_HIGH NEED_LOW RISK,3P-DSA,01/03/2023, 0.209623 ," 446,585,000 "
GOODBANK,XS,XSELL_HIGH NEED_LOW RISK,3P-DSA,01/04/2023, -   ," 204,460,000 "
GOODBANK,XS,XSELL_HIGH NEED_LOW RISK,3P-DSA,01/05/2023, 0.535957 ," 699,425,000 "
GOODBANK,XS,XSELL_HIGH NEED_LOW RISK,3P-TSA,01/01/2023, -   ," 1,649,609,000 "
GOODBANK,XS,XSELL_HIGH NEED_LOW RISK,3P-TSA,01/02/2023, 0.142726 ," 8,760,997,000 "
GOODBANK,XS,XSELL_HIGH NEED_LOW RISK,3P-TSA,01/03/2023, 0.132654 ," 8,610,167,000 "
GOODBANK,XS,XSELL_HIGH NEED_LOW RISK,3P-TSA,01/04/2023, 0.060771 ," 6,968,490,000 "
GOODBANK,XS,XSELL_HIGH NEED_LOW RISK,3P-TSA,01/05/2023, 0.129712 ," 12,574,739,000 "
GOODBANK,XS,XSELL_HIGH NEED_LOW RISK,IH-DSA,01/01/2023, 0.134605 ," 766,433,000 "
GOODBANK,XS,XSELL_HIGH NEED_LOW RISK,IH-DSA,01/02/2023, 0.065754 ," 3,203,747,000 "
GOODBANK,XS,XSELL_HIGH NEED_LOW RISK,IH-DSA,01/03/2023, 0.165938 ," 3,362,305,000 "
GOODBANK,XS,XSELL_HIGH NEED_LOW RISK,IH-DSA,01/04/2023, 0.117906 ," 2,661,997,000 "
GOODBANK,XS,XSELL_HIGH NEED_LOW RISK,IH-DSA,01/05/2023, -   ," 1,770,831,000 "
GOODBANK,XS,XSELL_HIGH NEED_LOW RISK,IH-POS,01/01/2023, -   ," 192,695,000 "
GOODBANK,XS,XSELL_HIGH NEED_LOW RISK,IH-POS,01/02/2023, 0.137651 ," 1,413,181,000 "
GOODBANK,XS,XSELL_HIGH NEED_LOW RISK,IH-POS,01/03/2023, -   ," 1,212,413,000 "
GOODBANK,XS,XSELL_HIGH NEED_LOW RISK,IH-POS,01/04/2023, -   ," 992,282,000 "
GOODBANK,XS,XSELL_HIGH NEED_LOW RISK,IH-POS,01/05/2023, 0.361837 ," 1,012,089,000 "
GOODBANK,XS,XSELL_HIGH NEED_LOW RISK,IH-TSA,01/01/2023, 0.179442 ," 1,576,121,000 "
GOODBANK,XS,XSELL_HIGH NEED_LOW RISK,IH-TSA,01/02/2023, 0.178044 ," 14,419,753,000 "
GOODBANK,XS,XSELL_HIGH NEED_LOW RISK,IH-TSA,01/03/2023, 0.114325 ," 11,319,937,000 "
GOODBANK,XS,XSELL_HIGH NEED_LOW RISK,IH-TSA,01/04/2023, 0.020268 ," 10,446,992,000 "
GOODBANK,XS,XSELL_HIGH NEED_LOW RISK,IH-TSA,01/05/2023, 0.084280 ," 13,681,763,000 "
GOODBANK,XS,XSELL_HIGH NEED_LOW RISK,IH-TSA LG,01/12/2022, -   ," 31,650,000 "
GOODBANK,XS,XSELL_HIGH NEED_LOW RISK,IH-TSA LG,01/01/2023, -   ," 1,587,657,000 "
GOODBANK,XS,XSELL_HIGH NEED_LOW RISK,IH-TSA LG,01/02/2023, 0.132717 ," 7,494,833,000 "
GOODBANK,XS,XSELL_HIGH NEED_LOW RISK,IH-TSA LG,01/03/2023, 0.077106 ," 5,131,527,000 "
GOODBANK,XS,XSELL_HIGH NEED_LOW RISK,IH-TSA LG,01/04/2023, 0.155039 ," 5,673,868,000 "
GOODBANK,XS,XSELL_HIGH NEED_LOW RISK,IH-TSA LG,01/05/2023, -   ," 5,799,572,000 "
GOODBANK,XS,XSELL_HIGH NEED_LOW RISK,IH-TSA TR,01/01/2023, 0.248849 ," 697,217,000 "
GOODBANK,XS,XSELL_HIGH NEED_LOW RISK,IH-TSA TR,01/02/2023, 0.064632 ," 6,412,861,000 "
GOODBANK,XS,XSELL_HIGH NEED_LOW RISK,IH-TSA TR,01/03/2023, 0.067430 ," 6,475,903,000 "
GOODBANK,XS,XSELL_HIGH NEED_LOW RISK,IH-TSA TR,01/04/2023, 0.134138 ," 2,429,844,000 "
GOODBANK,XS,XSELL_HIGH NEED_LOW RISK,IH-TSA TR,01/05/2023, -   ," 2,285,872,000 "
GOODBANK,XS,XSELL_HIGH NEED_LOW RISK,Unidentified,01/05/2023,," 10,750,000 "
GOODBANK,XS,XSELL_HIGH NEED_MEDIUM RISK,3P-DSA,01/01/2023, -   ," 467,189,000 "
GOODBANK,XS,XSELL_HIGH NEED_MEDIUM RISK,3P-DSA,01/02/2023, 0.239590 ," 2,406,133,000 "
GOODBANK,XS,XSELL_HIGH NEED_MEDIUM RISK,3P-DSA,01/03/2023, 0.204860 ," 1,779,554,000 "
GOODBANK,XS,XSELL_HIGH NEED_MEDIUM RISK,3P-DSA,01/04/2023, 0.203366 ," 1,959,137,000 "
GOODBANK,XS,XSELL_HIGH NEED_MEDIUM RISK,3P-DSA,01/05/2023, -   ," 2,127,368,000 "
GOODBANK,XS,XSELL_HIGH NEED_MEDIUM RISK,3P-TSA,01/01/2023, 0.116032 ," 4,959,040,000 "
GOODBANK,XS,XSELL_HIGH NEED_MEDIUM RISK,3P-TSA,01/02/2023, 0.154730 ," 31,302,656,000 "
GOODBANK,XS,XSELL_HIGH NEED_MEDIUM RISK,3P-TSA,01/03/2023, 0.175886 ," 26,486,888,000 "
GOODBANK,XS,XSELL_HIGH NEED_MEDIUM RISK,3P-TSA,01/04/2023, 0.148067 ," 23,066,223,000 "
GOODBANK,XS,XSELL_HIGH NEED_MEDIUM RISK,3P-TSA,01/05/2023, 0.141046 ," 45,074,610,000 "
GOODBANK,XS,XSELL_HIGH NEED_MEDIUM RISK,IH-DSA,01/01/2023, 0.194228 ," 2,359,883,000 "
GOODBANK,XS,XSELL_HIGH NEED_MEDIUM RISK,IH-DSA,01/02/2023, 0.189271 ," 14,197,476,000 "
GOODBANK,XS,XSELL_HIGH NEED_MEDIUM RISK,IH-DSA,01/03/2023, 0.198032 ," 11,224,802,000 "
GOODBANK,XS,XSELL_HIGH NEED_MEDIUM RISK,IH-DSA,01/04/2023, 0.182667 ," 8,591,673,000 "
GOODBANK,XS,XSELL_HIGH NEED_MEDIUM RISK,IH-DSA,01/05/2023, 0.204594 ," 10,107,021,000 "
GOODBANK,XS,XSELL_HIGH NEED_MEDIUM RISK,IH-POS,01/01/2023, 0.054692 ," 1,800,718,000 "
GOODBANK,XS,XSELL_HIGH NEED_MEDIUM RISK,IH-POS,01/02/2023, 0.088167 ," 7,446,009,000 "
GOODBANK,XS,XSELL_HIGH NEED_MEDIUM RISK,IH-POS,01/03/2023, 0.156915 ," 5,773,434,000 "
GOODBANK,XS,XSELL_HIGH NEED_MEDIUM RISK,IH-POS,01/04/2023, 0.132732 ," 4,484,521,000 "
GOODBANK,XS,XSELL_HIGH NEED_MEDIUM RISK,IH-POS,01/05/2023, -   ," 5,011,499,000 "
GOODBANK,XS,XSELL_HIGH NEED_MEDIUM RISK,IH-TSA,01/01/2023, 0.114734 ," 8,297,601,000 "
GOODBANK,XS,XSELL_HIGH NEED_MEDIUM RISK,IH-TSA,01/02/2023, 0.170823 ," 48,354,841,000 "
GOODBANK,XS,XSELL_HIGH NEED_MEDIUM RISK,IH-TSA,01/03/2023, 0.160898 ," 37,633,100,000 "
GOODBANK,XS,XSELL_HIGH NEED_MEDIUM RISK,IH-TSA,01/04/2023, 0.160203 ," 32,229,926,000 "
GOODBANK,XS,XSELL_HIGH NEED_MEDIUM RISK,IH-TSA,01/05/2023, 0.163733 ," 52,753,917,000 "
GOODBANK,XS,XSELL_HIGH NEED_MEDIUM RISK,IH-TSA LG,01/01/2023, 0.181653 ," 4,222,310,000 "
GOODBANK,XS,XSELL_HIGH NEED_MEDIUM RISK,IH-TSA LG,01/02/2023, 0.155172 ," 18,875,373,000 "
GOODBANK,XS,XSELL_HIGH NEED_MEDIUM RISK,IH-TSA LG,01/03/2023, 0.111570 ," 16,132,519,000 "
GOODBANK,XS,XSELL_HIGH NEED_MEDIUM RISK,IH-TSA LG,01/04/2023, 0.110751 ," 13,587,289,000 "
GOODBANK,XS,XSELL_HIGH NEED_MEDIUM RISK,IH-TSA LG,01/05/2023, 0.093267 ," 17,340,361,000 "
GOODBANK,XS,XSELL_HIGH NEED_MEDIUM RISK,IH-TSA TR,01/01/2023, -   ," 680,115,000 "
GOODBANK,XS,XSELL_HIGH NEED_MEDIUM RISK,IH-TSA TR,01/02/2023, 0.060765 ," 11,522,937,000 "
GOODBANK,XS,XSELL_HIGH NEED_MEDIUM RISK,IH-TSA TR,01/03/2023, 0.120135 ," 9,959,623,000 "
GOODBANK,XS,XSELL_HIGH NEED_MEDIUM RISK,IH-TSA TR,01/04/2023, 0.157665 ," 5,872,234,000 "
GOODBANK,XS,XSELL_HIGH NEED_MEDIUM RISK,IH-TSA TR,01/05/2023, 0.113575 ," 8,874,355,000 "
GOODBANK,XS,XSELL_HIGH NEED_MEDIUM RISK,Unidentified,01/04/2023, -   ," 50,000,000 "
GOODBANK,XS,XSELL_LOW NEED_HIGH RISK,3P-DSA,01/12/2022, 0.261651 ," 787,813,000 "
GOODBANK,XS,XSELL_LOW NEED_HIGH RISK,3P-DSA,01/01/2023, 0.206435 ," 1,781,732,000 "
GOODBANK,XS,XSELL_LOW NEED_HIGH RISK,3P-DSA,01/02/2023, 0.252469 ," 1,650,010,000 "
GOODBANK,XS,XSELL_LOW NEED_HIGH RISK,3P-DSA,01/03/2023, 0.234008 ," 2,658,122,000 "
GOODBANK,XS,XSELL_LOW NEED_HIGH RISK,3P-DSA,01/04/2023, 0.388574 ," 1,810,211,000 "
GOODBANK,XS,XSELL_LOW NEED_HIGH RISK,3P-DSA,01/05/2023, -   ," 2,570,203,000 "
GOODBANK,XS,XSELL_LOW NEED_HIGH RISK,3P-TSA,01/12/2022, 0.189953 ," 7,450,335,000 "
GOODBANK,XS,XSELL_LOW NEED_HIGH RISK,3P-TSA,01/01/2023, 0.193260 ," 4,079,054,000 "
GOODBANK,XS,XSELL_LOW NEED_HIGH RISK,3P-TSA,01/02/2023, 0.284901 ," 1,481,290,000 "
GOODBANK,XS,XSELL_LOW NEED_HIGH RISK,3P-TSA,01/03/2023, 0.182760 ," 2,235,424,000 "
GOODBANK,XS,XSELL_LOW NEED_HIGH RISK,3P-TSA,01/04/2023, 0.188682 ," 1,553,973,000 "
GOODBANK,XS,XSELL_LOW NEED_HIGH RISK,3P-TSA,01/05/2023, 0.202775 ," 18,660,104,000 "
GOODBANK,XS,XSELL_LOW NEED_HIGH RISK,IH-DSA,01/12/2022, 0.273250 ," 5,899,371,000 "
GOODBANK,XS,XSELL_LOW NEED_HIGH RISK,IH-DSA,01/01/2023, 0.225903 ," 11,420,015,000 "
GOODBANK,XS,XSELL_LOW NEED_HIGH RISK,IH-DSA,01/02/2023, 0.236488 ," 8,824,005,000 "
GOODBANK,XS,XSELL_LOW NEED_HIGH RISK,IH-DSA,01/03/2023, 0.231929 ," 9,871,527,000 "
GOODBANK,XS,XSELL_LOW NEED_HIGH RISK,IH-DSA,01/04/2023, 0.226398 ," 7,215,266,000 "
GOODBANK,XS,XSELL_LOW NEED_HIGH RISK,IH-DSA,01/05/2023, 0.211023 ," 7,866,962,000 "
GOODBANK,XS,XSELL_LOW NEED_HIGH RISK,IH-POS,01/12/2022, 0.223686 ," 1,828,021,000 "
GOODBANK,XS,XSELL_LOW NEED_HIGH RISK,IH-POS,01/01/2023, 0.212853 ," 4,540,054,000 "
GOODBANK,XS,XSELL_LOW NEED_HIGH RISK,IH-POS,01/02/2023, 0.140145 ," 3,532,020,000 "
GOODBANK,XS,XSELL_LOW NEED_HIGH RISK,IH-POS,01/03/2023, 0.186378 ," 3,737,470,000 "
GOODBANK,XS,XSELL_LOW NEED_HIGH RISK,IH-POS,01/04/2023, 0.215795 ," 3,237,963,000 "
GOODBANK,XS,XSELL_LOW NEED_HIGH RISK,IH-POS,01/05/2023, 0.158102 ," 3,747,042,000 "
GOODBANK,XS,XSELL_LOW NEED_HIGH RISK,IH-TSA,01/12/2022, 0.216980 ," 2,048,908,000 "
GOODBANK,XS,XSELL_LOW NEED_HIGH RISK,IH-TSA,01/01/2023, 0.236713 ," 9,199,347,000 "
GOODBANK,XS,XSELL_LOW NEED_HIGH RISK,IH-TSA,01/02/2023, 0.194847 ," 10,692,242,000 "
GOODBANK,XS,XSELL_LOW NEED_HIGH RISK,IH-TSA,01/03/2023, 0.253697 ," 2,769,467,000 "
GOODBANK,XS,XSELL_LOW NEED_HIGH RISK,IH-TSA,01/04/2023, 0.239700 ," 2,960,850,000 "
GOODBANK,XS,XSELL_LOW NEED_HIGH RISK,IH-TSA,01/05/2023, 0.271725 ," 22,760,673,000 "
GOODBANK,XS,XSELL_LOW NEED_HIGH RISK,IH-TSA LG,01/12/2022, 0.239813 ," 2,380,696,000 "
GOODBANK,XS,XSELL_LOW NEED_HIGH RISK,IH-TSA LG,01/01/2023, 0.232581 ," 1,714,511,000 "
GOODBANK,XS,XSELL_LOW NEED_HIGH RISK,IH-TSA LG,01/02/2023, 0.235972 ," 2,199,463,000 "
GOODBANK,XS,XSELL_LOW NEED_HIGH RISK,IH-TSA LG,01/03/2023, 0.310332 ," 2,054,351,000 "
GOODBANK,XS,XSELL_LOW NEED_HIGH RISK,IH-TSA LG,01/04/2023, 0.253241 ," 1,600,080,000 "
GOODBANK,XS,XSELL_LOW NEED_HIGH RISK,IH-TSA LG,01/05/2023, 0.232964 ," 8,196,124,000 "
GOODBANK,XS,XSELL_LOW NEED_HIGH RISK,IH-TSA TR,01/12/2022, -   ," 137,055,000 "
GOODBANK,XS,XSELL_LOW NEED_HIGH RISK,IH-TSA TR,01/01/2023, -   ," 155,305,000 "
GOODBANK,XS,XSELL_LOW NEED_HIGH RISK,IH-TSA TR,01/02/2023, -   ," 121,500,000 "
GOODBANK,XS,XSELL_LOW NEED_HIGH RISK,IH-TSA TR,01/03/2023, 2.259206 ," 10,000,000 "
GOODBANK,XS,XSELL_LOW NEED_HIGH RISK,IH-TSA TR,01/04/2023, -   ," 88,725,000 "
GOODBANK,XS,XSELL_LOW NEED_HIGH RISK,IH-TSA TR,01/05/2023, -   ," 2,939,729,000 "
GOODBANK,XS,XSELL_LOW NEED_LOW RISK,3P-DSA,01/01/2023, 1.109604 ," 218,875,000 "
GOODBANK,XS,XSELL_LOW NEED_LOW RISK,3P-DSA,01/02/2023, 0.319827 ," 1,564,013,000 "
GOODBANK,XS,XSELL_LOW NEED_LOW RISK,3P-DSA,01/03/2023, 0.202452 ," 2,444,071,000 "
GOODBANK,XS,XSELL_LOW NEED_LOW RISK,3P-DSA,01/04/2023, 0.237834 ," 2,394,203,000 "
GOODBANK,XS,XSELL_LOW NEED_LOW RISK,3P-DSA,01/05/2023, 0.254490 ," 2,521,280,000 "
GOODBANK,XS,XSELL_LOW NEED_LOW RISK,3P-TSA,01/01/2023, -   ," 32,250,000 "
GOODBANK,XS,XSELL_LOW NEED_LOW RISK,3P-TSA,01/02/2023, 0.042581 ," 2,486,367,000 "
GOODBANK,XS,XSELL_LOW NEED_LOW RISK,3P-TSA,01/03/2023, 0.188751 ," 2,730,739,000 "
GOODBANK,XS,XSELL_LOW NEED_LOW RISK,3P-TSA,01/04/2023, 0.207263 ," 1,228,151,000 "
GOODBANK,XS,XSELL_LOW NEED_LOW RISK,3P-TSA,01/05/2023, -   ," 2,835,791,000 "
GOODBANK,XS,XSELL_LOW NEED_LOW RISK,IH-DSA,01/01/2023, 0.154443 ," 1,759,833,000 "
GOODBANK,XS,XSELL_LOW NEED_LOW RISK,IH-DSA,01/02/2023, 0.175075 ," 10,008,754,000 "
GOODBANK,XS,XSELL_LOW NEED_LOW RISK,IH-DSA,01/03/2023, 0.162398 ," 11,378,050,000 "
GOODBANK,XS,XSELL_LOW NEED_LOW RISK,IH-DSA,01/04/2023, 0.176657 ," 9,962,386,000 "
GOODBANK,XS,XSELL_LOW NEED_LOW RISK,IH-DSA,01/05/2023, 0.127173 ," 9,990,997,000 "
GOODBANK,XS,XSELL_LOW NEED_LOW RISK,IH-POS,01/01/2023, 0.219157 ," 503,139,000 "
GOODBANK,XS,XSELL_LOW NEED_LOW RISK,IH-POS,01/02/2023, 0.183242 ," 3,542,428,000 "
GOODBANK,XS,XSELL_LOW NEED_LOW RISK,IH-POS,01/03/2023, 0.135052 ," 3,637,111,000 "
GOODBANK,XS,XSELL_LOW NEED_LOW RISK,IH-POS,01/04/2023, 0.060536 ," 3,253,769,000 "
GOODBANK,XS,XSELL_LOW NEED_LOW RISK,IH-POS,01/05/2023, 0.174184 ," 3,018,497,000 "
GOODBANK,XS,XSELL_LOW NEED_LOW RISK,IH-TSA,01/01/2023, -   ," 181,992,000 "
GOODBANK,XS,XSELL_LOW NEED_LOW RISK,IH-TSA,01/02/2023, 0.134771 ," 4,587,922,000 "
GOODBANK,XS,XSELL_LOW NEED_LOW RISK,IH-TSA,01/03/2023, 0.154347 ," 4,623,881,000 "
GOODBANK,XS,XSELL_LOW NEED_LOW RISK,IH-TSA,01/04/2023, -   ," 2,601,356,000 "
GOODBANK,XS,XSELL_LOW NEED_LOW RISK,IH-TSA,01/05/2023, 0.104683 ," 4,922,476,000 "
GOODBANK,XS,XSELL_LOW NEED_LOW RISK,IH-TSA LG,01/01/2023, -   ," 283,890,000 "
GOODBANK,XS,XSELL_LOW NEED_LOW RISK,IH-TSA LG,01/02/2023, 0.193668 ," 2,422,336,000 "
GOODBANK,XS,XSELL_LOW NEED_LOW RISK,IH-TSA LG,01/03/2023, 0.205192 ," 2,938,914,000 "
GOODBANK,XS,XSELL_LOW NEED_LOW RISK,IH-TSA LG,01/04/2023, 0.161388 ," 3,131,079,000 "
GOODBANK,XS,XSELL_LOW NEED_LOW RISK,IH-TSA LG,01/05/2023, 0.113658 ," 2,828,935,000 "
GOODBANK,XS,XSELL_LOW NEED_LOW RISK,IH-TSA TR,01/01/2023, -   ," 53,750,000 "
GOODBANK,XS,XSELL_LOW NEED_LOW RISK,IH-TSA TR,01/02/2023, 0.199036 ," 459,238,000 "
GOODBANK,XS,XSELL_LOW NEED_LOW RISK,IH-TSA TR,01/03/2023, -   ," 174,305,000 "
GOODBANK,XS,XSELL_LOW NEED_LOW RISK,IH-TSA TR,01/04/2023, 0.556710 ," 218,125,000 "
GOODBANK,XS,XSELL_LOW NEED_LOW RISK,IH-TSA TR,01/05/2023, -   ," 235,543,000 "
GOODBANK,XS,XSELL_LOW NEED_MEDIUM RISK,3P-DSA,01/01/2023, 0.237214 ," 812,611,000 "
GOODBANK,XS,XSELL_LOW NEED_MEDIUM RISK,3P-DSA,01/02/2023, 0.219162 ," 3,551,264,000 "
GOODBANK,XS,XSELL_LOW NEED_MEDIUM RISK,3P-DSA,01/03/2023, 0.360351 ," 4,498,221,000 "
GOODBANK,XS,XSELL_LOW NEED_MEDIUM RISK,3P-DSA,01/04/2023, 0.246016 ," 3,706,772,000 "
GOODBANK,XS,XSELL_LOW NEED_MEDIUM RISK,3P-DSA,01/05/2023, 0.226729 ," 5,369,511,000 "
GOODBANK,XS,XSELL_LOW NEED_MEDIUM RISK,3P-TSA,01/02/2023, 0.224757 ," 4,342,070,000 "
GOODBANK,XS,XSELL_LOW NEED_MEDIUM RISK,3P-TSA,01/03/2023, 0.153695 ," 4,884,288,000 "
GOODBANK,XS,XSELL_LOW NEED_MEDIUM RISK,3P-TSA,01/04/2023, 0.137415 ," 2,455,729,000 "
GOODBANK,XS,XSELL_LOW NEED_MEDIUM RISK,3P-TSA,01/05/2023, 0.106686 ," 5,797,608,000 "
GOODBANK,XS,XSELL_LOW NEED_MEDIUM RISK,IH-DSA,01/01/2023, 0.232271 ," 3,270,753,000 "
GOODBANK,XS,XSELL_LOW NEED_MEDIUM RISK,IH-DSA,01/02/2023, 0.212594 ," 19,760,296,000 "
GOODBANK,XS,XSELL_LOW NEED_MEDIUM RISK,IH-DSA,01/03/2023, 0.204083 ," 20,193,280,000 "
GOODBANK,XS,XSELL_LOW NEED_MEDIUM RISK,IH-DSA,01/04/2023, 0.218141 ," 17,258,836,000 "
GOODBANK,XS,XSELL_LOW NEED_MEDIUM RISK,IH-DSA,01/05/2023, 0.163349 ," 17,897,763,000 "
GOODBANK,XS,XSELL_LOW NEED_MEDIUM RISK,IH-POS,01/01/2023, 0.218973 ," 1,135,585,000 "
GOODBANK,XS,XSELL_LOW NEED_MEDIUM RISK,IH-POS,01/02/2023, 0.183629 ," 7,055,989,000 "
GOODBANK,XS,XSELL_LOW NEED_MEDIUM RISK,IH-POS,01/03/2023, 0.180736 ," 7,957,768,000 "
GOODBANK,XS,XSELL_LOW NEED_MEDIUM RISK,IH-POS,01/04/2023, 0.169318 ," 6,769,235,000 "
GOODBANK,XS,XSELL_LOW NEED_MEDIUM RISK,IH-POS,01/05/2023, 0.148299 ," 5,824,644,000 "
GOODBANK,XS,XSELL_LOW NEED_MEDIUM RISK,IH-TSA,01/01/2023, 0.176608 ," 754,175,000 "
GOODBANK,XS,XSELL_LOW NEED_MEDIUM RISK,IH-TSA,01/02/2023, 0.256063 ," 6,712,516,000 "
GOODBANK,XS,XSELL_LOW NEED_MEDIUM RISK,IH-TSA,01/03/2023, 0.226471 ," 8,019,691,000 "
GOODBANK,XS,XSELL_LOW NEED_MEDIUM RISK,IH-TSA,01/04/2023, 0.170056 ," 5,541,963,000 "
GOODBANK,XS,XSELL_LOW NEED_MEDIUM RISK,IH-TSA,01/05/2023, 0.193587 ," 7,916,097,000 "
GOODBANK,XS,XSELL_LOW NEED_MEDIUM RISK,IH-TSA LG,01/01/2023, -   ," 407,359,000 "
GOODBANK,XS,XSELL_LOW NEED_MEDIUM RISK,IH-TSA LG,01/02/2023, 0.240107 ," 5,592,870,000 "
GOODBANK,XS,XSELL_LOW NEED_MEDIUM RISK,IH-TSA LG,01/03/2023, 0.231616 ," 4,912,280,000 "
GOODBANK,XS,XSELL_LOW NEED_MEDIUM RISK,IH-TSA LG,01/04/2023, 0.218343 ," 3,832,190,000 "
GOODBANK,XS,XSELL_LOW NEED_MEDIUM RISK,IH-TSA LG,01/05/2023, 0.247289 ," 5,278,394,000 "
GOODBANK,XS,XSELL_LOW NEED_MEDIUM RISK,IH-TSA TR,01/02/2023, 0.233787 ," 421,427,000 "
GOODBANK,XS,XSELL_LOW NEED_MEDIUM RISK,IH-TSA TR,01/03/2023, -   ," 297,537,000 "
GOODBANK,XS,XSELL_LOW NEED_MEDIUM RISK,IH-TSA TR,01/04/2023, 0.234431 ," 677,163,000 "
GOODBANK,XS,XSELL_LOW NEED_MEDIUM RISK,IH-TSA TR,01/05/2023, -   ," 551,169,000 "
GOODBANK,XS,XSELL_LOW NEED_MEDIUM RISK,Unidentified,01/05/2023, -   ," 10,750,000 "
GOODBANK,XS,XSELL_LOW RISK,3P-DSA,01/12/2022, 0.240586 ," 2,054,854,000 "
GOODBANK,XS,XSELL_LOW RISK,3P-DSA,01/01/2023, 0.175195 ," 3,480,173,000 "
GOODBANK,XS,XSELL_LOW RISK,3P-TSA,01/12/2022, 0.131591 ," 38,673,381,000 "
GOODBANK,XS,XSELL_LOW RISK,3P-TSA,01/01/2023, 0.113701 ," 24,403,532,000 "
GOODBANK,XS,XSELL_LOW RISK,IH-DSA,01/12/2022, 0.173706 ," 19,200,597,000 "
GOODBANK,XS,XSELL_LOW RISK,IH-DSA,01/01/2023, 0.174334 ," 20,286,563,000 "
GOODBANK,XS,XSELL_LOW RISK,IH-POS,01/12/2022, 0.092850 ," 7,836,765,000 "
GOODBANK,XS,XSELL_LOW RISK,IH-POS,01/01/2023, 0.088470 ," 7,677,165,000 "
GOODBANK,XS,XSELL_LOW RISK,IH-TSA,01/12/2022, 0.120086 ," 46,898,666,000 "
GOODBANK,XS,XSELL_LOW RISK,IH-TSA,01/01/2023, 0.127013 ," 33,064,195,000 "
GOODBANK,XS,XSELL_LOW RISK,IH-TSA LG,01/12/2022, 0.075822 ," 23,369,809,000 "
GOODBANK,XS,XSELL_LOW RISK,IH-TSA LG,01/01/2023, 0.117773 ," 13,095,251,000 "
GOODBANK,XS,XSELL_LOW RISK,IH-TSA TR,01/12/2022, 0.090284 ," 15,722,804,000 "
GOODBANK,XS,XSELL_LOW RISK,IH-TSA TR,01/01/2023, 0.077220 ," 11,213,812,000 "
GOODBANK,XS,XSELL_MEDIUM NEED_HIGH RISK,3P-DSA,01/12/2022, 0.188900 ," 772,425,000 "
GOODBANK,XS,XSELL_MEDIUM NEED_HIGH RISK,3P-DSA,01/01/2023, 0.329291 ," 1,304,483,000 "
GOODBANK,XS,XSELL_MEDIUM NEED_HIGH RISK,3P-DSA,01/02/2023, 0.332786 ," 1,147,870,000 "
GOODBANK,XS,XSELL_MEDIUM NEED_HIGH RISK,3P-DSA,01/03/2023, 0.259726 ," 1,260,837,000 "
GOODBANK,XS,XSELL_MEDIUM NEED_HIGH RISK,3P-DSA,01/04/2023, 0.237462 ," 1,267,350,000 "
GOODBANK,XS,XSELL_MEDIUM NEED_HIGH RISK,3P-DSA,01/05/2023, 0.240103 ," 1,343,664,000 "
GOODBANK,XS,XSELL_MEDIUM NEED_HIGH RISK,3P-TSA,01/12/2022, 0.225055 ," 14,578,708,000 "
GOODBANK,XS,XSELL_MEDIUM NEED_HIGH RISK,3P-TSA,01/01/2023, 0.211565 ," 14,066,907,000 "
GOODBANK,XS,XSELL_MEDIUM NEED_HIGH RISK,3P-TSA,01/02/2023, 0.230985 ," 6,068,506,000 "
GOODBANK,XS,XSELL_MEDIUM NEED_HIGH RISK,3P-TSA,01/03/2023, 0.234313 ," 7,933,313,000 "
GOODBANK,XS,XSELL_MEDIUM NEED_HIGH RISK,3P-TSA,01/04/2023, 0.247196 ," 6,103,735,000 "
GOODBANK,XS,XSELL_MEDIUM NEED_HIGH RISK,3P-TSA,01/05/2023, 0.218627 ," 5,576,550,000 "
GOODBANK,XS,XSELL_MEDIUM NEED_HIGH RISK,IH-DSA,01/12/2022, 0.225814 ," 6,384,934,000 "
GOODBANK,XS,XSELL_MEDIUM NEED_HIGH RISK,IH-DSA,01/01/2023, 0.238625 ," 7,544,606,000 "
GOODBANK,XS,XSELL_MEDIUM NEED_HIGH RISK,IH-DSA,01/02/2023, 0.235985 ," 6,495,352,000 "
GOODBANK,XS,XSELL_MEDIUM NEED_HIGH RISK,IH-DSA,01/03/2023, 0.201195 ," 6,355,535,000 "
GOODBANK,XS,XSELL_MEDIUM NEED_HIGH RISK,IH-DSA,01/04/2023, 0.193665 ," 6,745,745,000 "
GOODBANK,XS,XSELL_MEDIUM NEED_HIGH RISK,IH-DSA,01/05/2023, 0.240507 ," 3,743,696,000 "
GOODBANK,XS,XSELL_MEDIUM NEED_HIGH RISK,IH-POS,01/12/2022, 0.194014 ," 2,963,018,000 "
GOODBANK,XS,XSELL_MEDIUM NEED_HIGH RISK,IH-POS,01/01/2023, 0.110962 ," 4,708,347,000 "
GOODBANK,XS,XSELL_MEDIUM NEED_HIGH RISK,IH-POS,01/02/2023, 0.185106 ," 2,947,081,000 "
GOODBANK,XS,XSELL_MEDIUM NEED_HIGH RISK,IH-POS,01/03/2023, 0.210351 ," 2,937,870,000 "
GOODBANK,XS,XSELL_MEDIUM NEED_HIGH RISK,IH-POS,01/04/2023, 0.113000 ," 2,271,439,000 "
GOODBANK,XS,XSELL_MEDIUM NEED_HIGH RISK,IH-POS,01/05/2023, 0.212772 ," 1,984,615,000 "
GOODBANK,XS,XSELL_MEDIUM NEED_HIGH RISK,IH-TSA,01/12/2022, 0.236903 ," 15,974,034,000 "
GOODBANK,XS,XSELL_MEDIUM NEED_HIGH RISK,IH-TSA,01/01/2023, 0.208558 ," 11,546,770,000 "
GOODBANK,XS,XSELL_MEDIUM NEED_HIGH RISK,IH-TSA,01/02/2023, 0.236319 ," 8,160,269,000 "
GOODBANK,XS,XSELL_MEDIUM NEED_HIGH RISK,IH-TSA,01/03/2023, 0.260256 ," 5,403,371,000 "
GOODBANK,XS,XSELL_MEDIUM NEED_HIGH RISK,IH-TSA,01/04/2023, 0.186564 ," 5,020,128,000 "
GOODBANK,XS,XSELL_MEDIUM NEED_HIGH RISK,IH-TSA,01/05/2023, 0.205237 ," 6,834,766,000 "
GOODBANK,XS,XSELL_MEDIUM NEED_HIGH RISK,IH-TSA LG,01/12/2022, 0.220555 ," 3,657,898,000 "
GOODBANK,XS,XSELL_MEDIUM NEED_HIGH RISK,IH-TSA LG,01/01/2023, 0.195451 ," 2,537,933,000 "
GOODBANK,XS,XSELL_MEDIUM NEED_HIGH RISK,IH-TSA LG,01/02/2023, 0.296487 ," 2,656,365,000 "
GOODBANK,XS,XSELL_MEDIUM NEED_HIGH RISK,IH-TSA LG,01/03/2023, 0.364567 ," 2,122,087,000 "
GOODBANK,XS,XSELL_MEDIUM NEED_HIGH RISK,IH-TSA LG,01/04/2023, 0.262495 ," 2,268,938,000 "
GOODBANK,XS,XSELL_MEDIUM NEED_HIGH RISK,IH-TSA LG,01/05/2023, 0.206939 ," 2,088,918,000 "
GOODBANK,XS,XSELL_MEDIUM NEED_HIGH RISK,IH-TSA TR,01/12/2022, -   ," 468,784,000 "
GOODBANK,XS,XSELL_MEDIUM NEED_HIGH RISK,IH-TSA TR,01/01/2023, -   ," 523,287,000 "
GOODBANK,XS,XSELL_MEDIUM NEED_HIGH RISK,IH-TSA TR,01/02/2023, -   ," 559,260,000 "
GOODBANK,XS,XSELL_MEDIUM NEED_HIGH RISK,IH-TSA TR,01/03/2023, -   ," 663,979,000 "
GOODBANK,XS,XSELL_MEDIUM NEED_HIGH RISK,IH-TSA TR,01/04/2023, 0.186902 ," 1,128,497,000 "
GOODBANK,XS,XSELL_MEDIUM NEED_HIGH RISK,IH-TSA TR,01/05/2023, -   ," 1,032,814,000 "
GOODBANK,XS,XSELL_MEDIUM NEED_LOW RISK,3P-DSA,01/01/2023, 0.955648 ," 135,867,000 "
GOODBANK,XS,XSELL_MEDIUM NEED_LOW RISK,3P-DSA,01/02/2023, 0.204278 ," 621,353,000 "
GOODBANK,XS,XSELL_MEDIUM NEED_LOW RISK,3P-DSA,01/03/2023, -   ," 913,434,000 "
GOODBANK,XS,XSELL_MEDIUM NEED_LOW RISK,3P-DSA,01/04/2023, -   ," 579,834,000 "
GOODBANK,XS,XSELL_MEDIUM NEED_LOW RISK,3P-DSA,01/05/2023, -   ," 519,146,000 "
GOODBANK,XS,XSELL_MEDIUM NEED_LOW RISK,3P-TSA,01/01/2023, -   ," 651,275,000 "
GOODBANK,XS,XSELL_MEDIUM NEED_LOW RISK,3P-TSA,01/02/2023, 0.159041 ," 7,504,420,000 "
GOODBANK,XS,XSELL_MEDIUM NEED_LOW RISK,3P-TSA,01/03/2023, 0.097837 ," 7,055,788,000 "
GOODBANK,XS,XSELL_MEDIUM NEED_LOW RISK,3P-TSA,01/04/2023, 0.161027 ," 5,728,924,000 "
GOODBANK,XS,XSELL_MEDIUM NEED_LOW RISK,3P-TSA,01/05/2023, 0.173125 ," 6,130,327,000 "
GOODBANK,XS,XSELL_MEDIUM NEED_LOW RISK,IH-DSA,01/01/2023, 0.119889 ," 670,078,000 "
GOODBANK,XS,XSELL_MEDIUM NEED_LOW RISK,IH-DSA,01/02/2023, 0.183295 ," 4,727,764,000 "
GOODBANK,XS,XSELL_MEDIUM NEED_LOW RISK,IH-DSA,01/03/2023, 0.167258 ," 3,992,497,000 "
GOODBANK,XS,XSELL_MEDIUM NEED_LOW RISK,IH-DSA,01/04/2023, 0.126039 ," 3,538,215,000 "
GOODBANK,XS,XSELL_MEDIUM NEED_LOW RISK,IH-DSA,01/05/2023, 0.093398 ," 2,396,014,000 "
GOODBANK,XS,XSELL_MEDIUM NEED_LOW RISK,IH-POS,01/01/2023, -   ," 510,097,000 "
GOODBANK,XS,XSELL_MEDIUM NEED_LOW RISK,IH-POS,01/02/2023, 0.123248 ," 1,257,338,000 "
GOODBANK,XS,XSELL_MEDIUM NEED_LOW RISK,IH-POS,01/03/2023, -   ," 1,650,183,000 "
GOODBANK,XS,XSELL_MEDIUM NEED_LOW RISK,IH-POS,01/04/2023, 0.253360 ," 847,270,000 "
GOODBANK,XS,XSELL_MEDIUM NEED_LOW RISK,IH-POS,01/05/2023, -   ," 1,055,091,000 "
GOODBANK,XS,XSELL_MEDIUM NEED_LOW RISK,IH-TSA,01/01/2023, -   ," 815,646,000 "
GOODBANK,XS,XSELL_MEDIUM NEED_LOW RISK,IH-TSA,01/02/2023, 0.188796 ," 6,817,402,000 "
GOODBANK,XS,XSELL_MEDIUM NEED_LOW RISK,IH-TSA,01/03/2023, 0.036039 ," 4,406,566,000 "
GOODBANK,XS,XSELL_MEDIUM NEED_LOW RISK,IH-TSA,01/04/2023, 0.188925 ," 6,242,702,000 "
GOODBANK,XS,XSELL_MEDIUM NEED_LOW RISK,IH-TSA,01/05/2023, -   ," 6,811,206,000 "
GOODBANK,XS,XSELL_MEDIUM NEED_LOW RISK,IH-TSA LG,01/01/2023, -   ," 198,875,000 "
GOODBANK,XS,XSELL_MEDIUM NEED_LOW RISK,IH-TSA LG,01/02/2023, 0.195421 ," 2,899,540,000 "
GOODBANK,XS,XSELL_MEDIUM NEED_LOW RISK,IH-TSA LG,01/03/2023, 0.207274 ," 1,782,533,000 "
GOODBANK,XS,XSELL_MEDIUM NEED_LOW RISK,IH-TSA LG,01/04/2023, 0.167124 ," 2,163,800,000 "
GOODBANK,XS,XSELL_MEDIUM NEED_LOW RISK,IH-TSA LG,01/05/2023, -   ," 2,248,397,000 "
GOODBANK,XS,XSELL_MEDIUM NEED_LOW RISK,IH-TSA TR,01/01/2023, -   ," 72,500,000 "
GOODBANK,XS,XSELL_MEDIUM NEED_LOW RISK,IH-TSA TR,01/02/2023, 0.130561 ," 1,914,614,000 "
GOODBANK,XS,XSELL_MEDIUM NEED_LOW RISK,IH-TSA TR,01/03/2023, 0.115054 ," 2,018,911,000 "
GOODBANK,XS,XSELL_MEDIUM NEED_LOW RISK,IH-TSA TR,01/04/2023, -   ," 778,650,000 "
GOODBANK,XS,XSELL_MEDIUM NEED_LOW RISK,IH-TSA TR,01/05/2023, -   ," 1,258,271,000 "
GOODBANK,XS,XSELL_MEDIUM NEED_MEDIUM RISK,3P-DSA,01/01/2023, 0.893392 ," 241,500,000 "
GOODBANK,XS,XSELL_MEDIUM NEED_MEDIUM RISK,3P-DSA,01/02/2023, 0.203579 ," 2,051,436,000 "
GOODBANK,XS,XSELL_MEDIUM NEED_MEDIUM RISK,3P-DSA,01/03/2023, 0.214792 ," 2,275,976,000 "
GOODBANK,XS,XSELL_MEDIUM NEED_MEDIUM RISK,3P-DSA,01/04/2023, 0.259841 ," 1,929,887,000 "
GOODBANK,XS,XSELL_MEDIUM NEED_MEDIUM RISK,3P-DSA,01/05/2023, 0.225074 ," 2,265,003,000 "
GOODBANK,XS,XSELL_MEDIUM NEED_MEDIUM RISK,3P-TSA,01/01/2023, 0.110107 ," 1,620,593,000 "
GOODBANK,XS,XSELL_MEDIUM NEED_MEDIUM RISK,3P-TSA,01/02/2023, 0.195412 ," 17,157,646,000 "
GOODBANK,XS,XSELL_MEDIUM NEED_MEDIUM RISK,3P-TSA,01/03/2023, 0.199935 ," 14,438,625,000 "
GOODBANK,XS,XSELL_MEDIUM NEED_MEDIUM RISK,3P-TSA,01/04/2023, 0.159340 ," 13,331,167,000 "
GOODBANK,XS,XSELL_MEDIUM NEED_MEDIUM RISK,3P-TSA,01/05/2023, 0.116458 ," 14,889,716,000 "
GOODBANK,XS,XSELL_MEDIUM NEED_MEDIUM RISK,IH-DSA,01/01/2023, 0.226673 ," 1,544,430,000 "
GOODBANK,XS,XSELL_MEDIUM NEED_MEDIUM RISK,IH-DSA,01/02/2023, 0.153588 ," 10,391,621,000 "
GOODBANK,XS,XSELL_MEDIUM NEED_MEDIUM RISK,IH-DSA,01/03/2023, 0.206174 ," 9,868,688,000 "
GOODBANK,XS,XSELL_MEDIUM NEED_MEDIUM RISK,IH-DSA,01/04/2023, 0.185156 ," 8,421,880,000 "
GOODBANK,XS,XSELL_MEDIUM NEED_MEDIUM RISK,IH-DSA,01/05/2023, 0.112709 ," 7,235,353,000 "
GOODBANK,XS,XSELL_MEDIUM NEED_MEDIUM RISK,IH-POS,01/01/2023, -   ," 1,162,294,000 "
GOODBANK,XS,XSELL_MEDIUM NEED_MEDIUM RISK,IH-POS,01/02/2023, 0.115763 ," 4,987,502,000 "
GOODBANK,XS,XSELL_MEDIUM NEED_MEDIUM RISK,IH-POS,01/03/2023, 0.186694 ," 4,740,772,000 "
GOODBANK,XS,XSELL_MEDIUM NEED_MEDIUM RISK,IH-POS,01/04/2023, 0.153085 ," 4,090,071,000 "
GOODBANK,XS,XSELL_MEDIUM NEED_MEDIUM RISK,IH-POS,01/05/2023, 0.100094 ," 3,983,507,000 "
GOODBANK,XS,XSELL_MEDIUM NEED_MEDIUM RISK,IH-TSA,01/01/2023, -   ," 1,465,913,000 "
GOODBANK,XS,XSELL_MEDIUM NEED_MEDIUM RISK,IH-TSA,01/02/2023, 0.181606 ," 15,870,346,000 "
GOODBANK,XS,XSELL_MEDIUM NEED_MEDIUM RISK,IH-TSA,01/03/2023, 0.123721 ," 10,922,350,000 "
GOODBANK,XS,XSELL_MEDIUM NEED_MEDIUM RISK,IH-TSA,01/04/2023, 0.162148 ," 11,368,344,000 "
GOODBANK,XS,XSELL_MEDIUM NEED_MEDIUM RISK,IH-TSA,01/05/2023, 0.153842 ," 13,821,559,000 "
GOODBANK,XS,XSELL_MEDIUM NEED_MEDIUM RISK,IH-TSA LG,01/01/2023, -   ," 374,087,000 "
GOODBANK,XS,XSELL_MEDIUM NEED_MEDIUM RISK,IH-TSA LG,01/02/2023, 0.170874 ," 5,921,272,000 "
GOODBANK,XS,XSELL_MEDIUM NEED_MEDIUM RISK,IH-TSA LG,01/03/2023, 0.202371 ," 5,057,907,000 "
GOODBANK,XS,XSELL_MEDIUM NEED_MEDIUM RISK,IH-TSA LG,01/04/2023, 0.211510 ," 5,119,513,000 "
GOODBANK,XS,XSELL_MEDIUM NEED_MEDIUM RISK,IH-TSA LG,01/05/2023, -   ," 4,050,144,000 "
GOODBANK,XS,XSELL_MEDIUM NEED_MEDIUM RISK,IH-TSA TR,01/01/2023, -   ," 94,212,000 "
GOODBANK,XS,XSELL_MEDIUM NEED_MEDIUM RISK,IH-TSA TR,01/02/2023, -   ," 1,768,912,000 "
GOODBANK,XS,XSELL_MEDIUM NEED_MEDIUM RISK,IH-TSA TR,01/03/2023, 0.134295 ," 2,219,826,000 "
GOODBANK,XS,XSELL_MEDIUM NEED_MEDIUM RISK,IH-TSA TR,01/04/2023, -   ," 2,152,935,000 "
GOODBANK,XS,XSELL_MEDIUM NEED_MEDIUM RISK,IH-TSA TR,01/05/2023, -   ," 2,171,167,000 "
GOODBANK,XS,XSELL_MEDIUM RISK,3P-DSA,01/12/2022, 0.235517 ," 5,545,815,000 "
GOODBANK,XS,XSELL_MEDIUM RISK,3P-DSA,01/01/2023, 0.228642 ," 8,434,748,000 "
GOODBANK,XS,XSELL_MEDIUM RISK,3P-TSA,01/12/2022, 0.185574 ," 100,922,301,000 "
GOODBANK,XS,XSELL_MEDIUM RISK,3P-TSA,01/01/2023, 0.142466 ," 60,879,378,000 "
GOODBANK,XS,XSELL_MEDIUM RISK,IH-DSA,01/12/2022, 0.201440 ," 48,074,991,000 "
GOODBANK,XS,XSELL_MEDIUM RISK,IH-DSA,01/01/2023, 0.163254 ," 49,419,041,000 "
GOODBANK,XS,XSELL_MEDIUM RISK,IH-POS,01/12/2022, 0.205109 ," 20,653,957,000 "
GOODBANK,XS,XSELL_MEDIUM RISK,IH-POS,01/01/2023, 0.114971 ," 23,611,893,000 "
GOODBANK,XS,XSELL_MEDIUM RISK,IH-TSA,01/12/2022, 0.188943 ," 160,451,361,000 "
GOODBANK,XS,XSELL_MEDIUM RISK,IH-TSA,01/01/2023, 0.157210 ," 100,129,374,000 "
GOODBANK,XS,XSELL_MEDIUM RISK,IH-TSA LG,01/12/2022, 0.154225 ," 52,994,270,000 "
GOODBANK,XS,XSELL_MEDIUM RISK,IH-TSA LG,01/01/2023, 0.121165 ," 28,763,101,000 "
GOODBANK,XS,XSELL_MEDIUM RISK,IH-TSA TR,01/12/2022, 0.154043 ," 25,111,841,000 "
GOODBANK,XS,XSELL_MEDIUM RISK,IH-TSA TR,01/01/2023, 0.128287 ," 18,218,527,000 "
BADBANK,CDL,NON PROMO NON-PORTABLE,3P-POS,01/12/2022, -   ," 54,545,000 "
BADBANK,CDL,NON PROMO NON-PORTABLE,3P-POS,01/01/2023, 0.145608 ," 3,167,269,000 "
BADBANK,CDL,NON PROMO NON-PORTABLE,3P-POS,01/02/2023, 0.141731 ," 1,358,279,000 "
BADBANK,CDL,NON PROMO NON-PORTABLE,3P-POS,01/03/2023, 0.220376 ," 847,902,000 "
BADBANK,CDL,NON PROMO NON-PORTABLE,3P-POS,01/04/2023, 0.160843 ," 982,470,000 "
BADBANK,CDL,NON PROMO NON-PORTABLE,3P-POS,01/05/2023, 0.022689 ," 5,866,768,110 "
BADBANK,CDL,NON PROMO NON-PORTABLE,IH-POS,01/12/2022, -   ," 62,892,000 "
BADBANK,CDL,NON PROMO NON-PORTABLE,IH-POS,01/01/2023, 0.121972 ," 1,368,427,000 "
BADBANK,CDL,NON PROMO NON-PORTABLE,IH-POS,01/02/2023, 0.139095 ," 516,890,000 "
BADBANK,CDL,NON PROMO NON-PORTABLE,IH-POS,01/03/2023, 0.174323 ," 187,261,000 "
BADBANK,CDL,NON PROMO NON-PORTABLE,IH-POS,01/04/2023, -   ," 177,324,000 "
BADBANK,CDL,NON PROMO NON-PORTABLE,IH-POS,01/05/2023, -   ," 195,379,000 "
BADBANK,CDL,NON PROMO PORTABLE,3P-POS,01/12/2022, 0.263602 ," 1,089,868,000 "
BADBANK,CDL,NON PROMO PORTABLE,3P-POS,01/01/2023, 0.230921 ," 12,068,326,500 "
BADBANK,CDL,NON PROMO PORTABLE,3P-POS,01/02/2023, 0.275349 ," 11,841,054,991 "
BADBANK,CDL,NON PROMO PORTABLE,3P-POS,01/03/2023, 0.360104 ," 12,457,391,000 "
BADBANK,CDL,NON PROMO PORTABLE,3P-POS,01/04/2023, 0.349413 ," 14,758,366,101 "
BADBANK,CDL,NON PROMO PORTABLE,3P-POS,01/05/2023, 0.214808 ," 31,757,305,100 "
BADBANK,CDL,NON PROMO PORTABLE,IH-POS,01/12/2022, 0.175714 ," 1,067,353,500 "
BADBANK,CDL,NON PROMO PORTABLE,IH-POS,01/01/2023, 0.148720 ," 5,096,846,000 "
BADBANK,CDL,NON PROMO PORTABLE,IH-POS,01/02/2023, 0.187369 ," 3,056,878,000 "
BADBANK,CDL,NON PROMO PORTABLE,IH-POS,01/03/2023, 0.140571 ," 2,234,540,000 "
BADBANK,CDL,NON PROMO PORTABLE,IH-POS,01/04/2023, 0.210283 ," 971,420,000 "
BADBANK,CDL,NON PROMO PORTABLE,IH-POS,01/05/2023, 0.123242 ," 1,025,334,000 "
BADBANK,CDL,PROMO NON-PORTABLE,3P-DSA,01/05/2023,," 8,792,000 "
BADBANK,CDL,PROMO NON-PORTABLE,3P-POS,01/12/2022, 0.141277 ," 1,454,099,000 "
BADBANK,CDL,PROMO NON-PORTABLE,3P-POS,01/01/2023, 0.115709 ," 1,247,794,000 "
BADBANK,CDL,PROMO NON-PORTABLE,3P-POS,01/02/2023, 0.074558 ," 597,016,000 "
BADBANK,CDL,PROMO NON-PORTABLE,3P-POS,01/03/2023, 0.040226 ," 1,662,268,000 "
BADBANK,CDL,PROMO NON-PORTABLE,3P-POS,01/04/2023, 0.104912 ," 2,258,239,400 "
BADBANK,CDL,PROMO NON-PORTABLE,3P-POS,01/05/2023, 0.008870 ," 55,678,364,183 "
BADBANK,CDL,PROMO NON-PORTABLE,IH-POS,01/12/2022, -   ," 119,603,080 "
BADBANK,CDL,PROMO NON-PORTABLE,IH-POS,01/01/2023, 0.212531 ," 432,188,000 "
BADBANK,CDL,PROMO NON-PORTABLE,IH-POS,01/02/2023, 0.220880 ," 78,505,000 "
BADBANK,CDL,PROMO NON-PORTABLE,IH-POS,01/03/2023, 0.462144 ," 33,254,000 "
BADBANK,CDL,PROMO NON-PORTABLE,IH-POS,01/05/2023,," 13,964,000 "
BADBANK,CDL,PROMO PORTABLE,3P-DSA,01/05/2023,," 18,292,000 "
BADBANK,CDL,PROMO PORTABLE,3P-POS,01/12/2022, 0.336828 ," 5,010,600,050 "
BADBANK,CDL,PROMO PORTABLE,3P-POS,01/01/2023, 0.159660 ," 7,673,188,160 "
BADBANK,CDL,PROMO PORTABLE,3P-POS,01/02/2023, 0.166051 ," 6,951,626,560 "
BADBANK,CDL,PROMO PORTABLE,3P-POS,01/03/2023, 0.166626 ," 9,389,863,460 "
BADBANK,CDL,PROMO PORTABLE,3P-POS,01/04/2023, 0.163809 ," 9,970,950,600 "
BADBANK,CDL,PROMO PORTABLE,3P-POS,01/05/2023, 0.044515 ," 69,448,671,600 "
BADBANK,CDL,PROMO PORTABLE,IH-POS,01/12/2022, 0.236632 ," 220,363,700 "
BADBANK,CDL,PROMO PORTABLE,IH-POS,01/01/2023, 0.225159 ," 569,172,000 "
BADBANK,CDL,PROMO PORTABLE,IH-POS,01/02/2023, 0.104157 ," 212,263,000 "
BADBANK,CDL,PROMO PORTABLE,IH-POS,01/03/2023, 0.456074 ," 157,354,000 "
BADBANK,CDL,PROMO PORTABLE,IH-POS,01/04/2023, -   ," 28,693,000 "
BADBANK,CDL,PROMO PORTABLE,IH-POS,01/05/2023, -   ," 57,170,000 "
BADBANK,CRC,(blank),Digital,01/12/2022,," 3,242,000,000 "
BADBANK,CRC,(blank),Digital,01/01/2023,," 1,710,000,000 "
BADBANK,PLLG,LG LOW SCORE,IH-TSA LG,01/03/2023, -   ," 10,750,000 "
BADBANK,PLLG,LG MED SCORE,IH-TSA LG,01/01/2023, -   ," 22,000,000 "
BADBANK,PLLG,LG MED SCORE,IH-TSA LG,01/03/2023, -   ," 10,000,000 "
BADBANK,PLLG,LG MED SCORE,IH-TSA LG,01/05/2023,," 26,875,000 "
BADBANK,PLLG,ZALO HIGH SCORE,IH-TSA LG,01/01/2023, 2.236621 ," 31,500,000 "
BADBANK,PLLG,ZALO MED SCORE,IH-TSA LG,01/02/2023, -   ," 46,875,000 "
BADBANK,PLNLG,B@W,IH-DSA,01/12/2022, -   ," 10,000,000 "
BADBANK,PLNLG,B@W,IH-DSA,01/01/2023, -   ," 30,000,000 "
BADBANK,PLNLG,B@W,IH-DSA,01/02/2023, -   ," 10,000,000 "
BADBANK,PLNLG,UNIFIED NONLG,3P-DSA,01/12/2022, 0.343846 ," 524,246,000 "
BADBANK,PLNLG,UNIFIED NONLG,3P-DSA,01/01/2023, 0.670051 ," 1,476,925,000 "
BADBANK,PLNLG,UNIFIED NONLG,3P-DSA,01/02/2023, 0.385244 ," 80,000,000 "
BADBANK,PLNLG,UNIFIED NONLG,3P-DSA,01/03/2023, -   ," 20,750,000 "
BADBANK,PLNLG,UNIFIED NONLG,3P-TSA,01/05/2023,," 16,125,000 "
BADBANK,PLNLG,UNIFIED NONLG,IH-DSA,01/12/2022, 0.367744 ," 3,991,409,000 "
BADBANK,PLNLG,UNIFIED NONLG,IH-DSA,01/01/2023, 0.345646 ," 8,760,542,000 "
BADBANK,PLNLG,UNIFIED NONLG,IH-DSA,01/02/2023, 0.272337 ," 267,864,000 "
BADBANK,PLNLG,UNIFIED NONLG,IH-DSA,01/03/2023, -   ," 92,573,000 "
BADBANK,PLNLG,UNIFIED NONLG,IH-DSA,01/04/2023, -   ," 71,927,000 "
BADBANK,PLNLG,UNIFIED NONLG,IH-DSA,01/05/2023, -   ," 903,367,000 "
BADBANK,PLNLG,UNIFIED NONLG,IH-POS,01/12/2022, 0.235713 ," 991,714,000 "
BADBANK,PLNLG,UNIFIED NONLG,IH-POS,01/01/2023, 0.212457 ," 2,030,550,000 "
BADBANK,PLNLG,UNIFIED NONLG,IH-POS,01/02/2023, -   ," 70,000,000 "
BADBANK,PLNLG,UNIFIED NONLG,IH-POS,01/03/2023, -   ," 10,895,000 "
BADBANK,PLNLG,UNIFIED NONLG,IH-POS,01/04/2023, -   ," 30,000,000 "
BADBANK,PLNLG,UNIFIED NONLG,IH-POS,01/05/2023,," 97,575,000 "
BADBANK,PLNLG,UNIFIED NONLG,IH-TSA,01/12/2022, 0.305999 ," 238,039,000 "
BADBANK,PLNLG,UNIFIED NONLG,IH-TSA,01/01/2023, 0.265455 ," 290,000,000 "
BADBANK,PLNLG,UNIFIED NONLG,IH-TSA,01/05/2023,," 30,000,000 "
BADBANK,PLNLG,UNIFIED NONLG,IH-TSA LG,01/12/2022, 0.328356 ," 554,604,000 "
BADBANK,PLNLG,UNIFIED NONLG,IH-TSA LG,01/01/2023, 0.341918 ," 951,100,000 "
BADBANK,PLNLG,UNIFIED NONLG,IH-TSA LG,01/02/2023, -   ," 61,650,000 "
BADBANK,PLNLG,UNIFIED NONLG,IH-TSA LG,01/03/2023, -   ," 37,625,000 "
BADBANK,PLNLG,UNIFIED NONLG,IH-TSA LG,01/04/2023, -   ," 50,000,000 "
BADBANK,PLNLG,UNIFIED NONLG,IH-TSA LG,01/05/2023,," 153,905,000 "
BADBANK,PLNLG,UNIFIED NONLG,IH-TSA TR,01/01/2023, -   ," 20,000,000 "
BADBANK,TW,TWL NON PROMO NEW BIKE HIGH DP,IH-POS,01/12/2022, 0.101457 ," 7,285,561,700 "
BADBANK,TW,TWL NON PROMO NEW BIKE HIGH DP,IH-POS,01/01/2023, 0.072020 ," 2,156,677,000 "
BADBANK,TW,TWL NON PROMO NEW BIKE HIGH DP,IH-POS,01/03/2023, 0.121070 ," 762,507,000 "
BADBANK,TW,TWL NON PROMO NEW BIKE HIGH DP,IH-POS,01/04/2023, 0.117262 ," 562,025,000 "
BADBANK,TW,TWL NON PROMO NEW BIKE HIGH DP,IH-POS,01/05/2023, -   ," 705,615,000 "
BADBANK,TW,TWL NON PROMO NEW BIKE LOW DP,3P-DSA,01/01/2023, -   ," 33,791,000 "
BADBANK,TW,TWL NON PROMO NEW BIKE LOW DP,IH-POS,01/12/2022, 0.115892 ," 4,425,445,500 "
BADBANK,TW,TWL NON PROMO NEW BIKE LOW DP,IH-POS,01/01/2023, 0.098328 ," 10,091,350,000 "
BADBANK,TW,TWL NON PROMO NEW BIKE LOW DP,IH-POS,01/02/2023, -   ," 28,900,000 "
BADBANK,TW,TWL NON PROMO NEW BIKE LOW DP,IH-POS,01/03/2023, 0.131266 ," 3,101,881,000 "
BADBANK,TW,TWL NON PROMO NEW BIKE LOW DP,IH-POS,01/04/2023, 0.152154 ," 3,371,235,000 "
BADBANK,TW,TWL NON PROMO NEW BIKE LOW DP,IH-POS,01/05/2023, 0.109409 ," 3,143,629,000 "
BADBANK,TW,TWL NON PROMO USED BIKE HIGH DP,IH-POS,01/12/2022, 0.371343 ," 146,662,500 "
BADBANK,TW,TWL NON PROMO USED BIKE HIGH DP,IH-POS,01/01/2023, -   ," 56,244,000 "
BADBANK,TW,TWL NON PROMO USED BIKE HIGH DP,IH-POS,01/04/2023, -   ," 9,975,000 "
BADBANK,TW,TWL NON PROMO USED BIKE HIGH DP,IH-POS,01/05/2023, -   ," 8,295,000 "
BADBANK,TW,TWL PROMO NEW BIKE HIGH DP,IH-POS,01/12/2022, 0.026004 ," 8,468,242,900 "
BADBANK,TW,TWL PROMO NEW BIKE HIGH DP,IH-POS,01/01/2023, 0.073075 ," 6,223,661,000 "
BADBANK,TW,TWL PROMO NEW BIKE HIGH DP,IH-POS,01/03/2023, 0.113188 ," 1,366,865,000 "
BADBANK,TW,TWL PROMO NEW BIKE HIGH DP,IH-POS,01/04/2023, -   ," 1,041,956,000 "
BADBANK,TW,TWL PROMO NEW BIKE HIGH DP,IH-POS,01/05/2023, 0.081240 ," 1,572,564,000 "
BADBANK,TW,TWL PROMO NEW BIKE LOW DP,IH-POS,01/12/2022, 0.135216 ," 601,469,440 "
BADBANK,TW,TWL PROMO NEW BIKE LOW DP,IH-POS,01/01/2023, 0.081500 ," 4,531,625,000 "
BADBANK,TW,TWL PROMO NEW BIKE LOW DP,IH-POS,01/03/2023, 0.097872 ," 1,735,589,000 "
BADBANK,TW,TWL PROMO NEW BIKE LOW DP,IH-POS,01/04/2023, 0.115870 ," 1,232,677,000 "
BADBANK,TW,TWL PROMO NEW BIKE LOW DP,IH-POS,01/05/2023, 0.100232 ," 1,290,496,000 "
BADBANK,TW,TWL PROMO USED BIKE HIGH DP,IH-POS,01/12/2022, 0.093237 ," 4,781,143,210 "
BADBANK,TW,TWL PROMO USED BIKE HIGH DP,IH-POS,01/01/2023, 0.111860 ," 5,211,792,000 "
BADBANK,TW,TWL PROMO USED BIKE HIGH DP,IH-POS,01/03/2023, 0.095537 ," 3,359,329,200 "
BADBANK,TW,TWL PROMO USED BIKE HIGH DP,IH-POS,01/04/2023, 0.163019 ," 3,656,417,000 "
BADBANK,TW,TWL PROMO USED BIKE HIGH DP,IH-POS,01/05/2023, 0.196435 ," 3,873,779,000 "
BADBANK,TW,TWL PROMO USED BIKE LOW DP,IH-POS,01/12/2022, -   ," 24,000,000 "
BADBANK,TW,TWL PROMO USED BIKE LOW DP,IH-POS,01/01/2023, 0.150274 ," 1,710,451,000 "
BADBANK,TW,TWL PROMO USED BIKE LOW DP,IH-POS,01/02/2023, 0.139520 ," 3,250,894,000 "
BADBANK,TW,TWL PROMO USED BIKE LOW DP,IH-POS,01/03/2023, 0.189809 ," 857,954,000 "
BADBANK,TW,TWL PROMO USED BIKE LOW DP,IH-POS,01/04/2023, -   ," 322,253,000 "
BADBANK,TW,UNIFIED NONLG,IH-TSA LG,01/01/2023, -   ," 10,000,000 "
BADBANK,XS,LG HIGH SCORE,IH-TSA LG,01/12/2022, -   ," 132,048,000 "
BADBANK,XS,UNIFIED NONLG,IH-TSA,01/12/2022, -   ," 20,000,000 "
BADBANK,XS,UNIFIED NONLG,IH-TSA LG,01/12/2022, 0.231326 ," 427,113,000 "
BADBANK,XS,XSELL_HIGH NEED_HIGH RISK,3P-DSA,01/01/2023, -   ," 28,712,000 "
BADBANK,XS,XSELL_HIGH NEED_HIGH RISK,3P-TSA,01/12/2022, -   ," 94,950,000 "
BADBANK,XS,XSELL_HIGH NEED_HIGH RISK,3P-TSA,01/01/2023, -   ," 87,153,000 "
BADBANK,XS,XSELL_HIGH NEED_HIGH RISK,IH-TSA,01/01/2023, 0.835711 ," 81,100,000 "
BADBANK,XS,XSELL_HIGH NEED_HIGH RISK,IH-TSA,01/04/2023, -   ," 15,000,000 "
BADBANK,XS,XSELL_HIGH NEED_HIGH RISK,IH-TSA,01/05/2023,," 21,500,000 "
BADBANK,XS,XSELL_HIGH NEED_HIGH RISK,IH-TSA LG,01/04/2023, -   ," 32,250,000 "
BADBANK,XS,XSELL_HIGH NEED_LOW RISK,3P-DSA,01/01/2023, -   ," 30,000,000 "
BADBANK,XS,XSELL_HIGH NEED_LOW RISK,3P-TSA,01/01/2023, 0.184865 ," 1,353,312,000 "
BADBANK,XS,XSELL_HIGH NEED_LOW RISK,3P-TSA,01/04/2023, -   ," 26,875,000 "
BADBANK,XS,XSELL_HIGH NEED_LOW RISK,IH-DSA,01/12/2022, -   ," 108,042,000 "
BADBANK,XS,XSELL_HIGH NEED_LOW RISK,IH-DSA,01/01/2023, 0.218541 ," 252,667,000 "
BADBANK,XS,XSELL_HIGH NEED_LOW RISK,IH-POS,01/01/2023, -   ," 182,272,000 "
BADBANK,XS,XSELL_HIGH NEED_LOW RISK,IH-TSA,01/01/2023, 0.086107 ," 3,091,980,000 "
BADBANK,XS,XSELL_HIGH NEED_LOW RISK,IH-TSA,01/05/2023,," 10,750,000 "
BADBANK,XS,XSELL_HIGH NEED_LOW RISK,IH-TSA LG,01/12/2022, -   ," 22,538,000 "
BADBANK,XS,XSELL_HIGH NEED_LOW RISK,IH-TSA LG,01/01/2023, 0.184649 ," 1,058,939,000 "
BADBANK,XS,XSELL_HIGH NEED_MEDIUM RISK,3P-TSA,01/01/2023, -   ," 369,437,000 "
BADBANK,XS,XSELL_HIGH NEED_MEDIUM RISK,IH-DSA,01/01/2023, -   ," 135,509,000 "
BADBANK,XS,XSELL_HIGH NEED_MEDIUM RISK,IH-POS,01/01/2023, -   ," 16,125,000 "
BADBANK,XS,XSELL_HIGH NEED_MEDIUM RISK,IH-TSA,01/01/2023, 0.254058 ," 664,472,000 "
BADBANK,XS,XSELL_HIGH NEED_MEDIUM RISK,IH-TSA,01/05/2023,," 128,711,000 "
BADBANK,XS,XSELL_HIGH NEED_MEDIUM RISK,IH-TSA LG,01/01/2023, 1.104290 ," 64,751,000 "
BADBANK,XS,XSELL_HIGH NEED_MEDIUM RISK,IH-TSA LG,01/05/2023,," 64,500,000 "
BADBANK,XS,XSELL_LOW NEED_HIGH RISK,3P-DSA,01/01/2023, -   ," 20,596,000 "
BADBANK,XS,XSELL_LOW NEED_HIGH RISK,3P-TSA,01/12/2022, -   ," 46,420,000 "
BADBANK,XS,XSELL_LOW NEED_HIGH RISK,3P-TSA,01/01/2023, -   ," 170,529,000 "
BADBANK,XS,XSELL_LOW NEED_HIGH RISK,IH-DSA,01/01/2023, -   ," 46,588,000 "
BADBANK,XS,XSELL_LOW NEED_HIGH RISK,IH-DSA,01/02/2023, -   ," 30,000,000 "
BADBANK,XS,XSELL_LOW NEED_HIGH RISK,IH-POS,01/01/2023, -   ," 51,000,000 "
BADBANK,XS,XSELL_LOW NEED_HIGH RISK,IH-POS,01/02/2023, -   ," 98,465,000 "
BADBANK,XS,XSELL_LOW NEED_HIGH RISK,IH-TSA,01/01/2023, 0.221998 ," 316,093,000 "
BADBANK,XS,XSELL_LOW NEED_HIGH RISK,IH-TSA,01/02/2023, -   ," 264,578,000 "
BADBANK,XS,XSELL_LOW NEED_HIGH RISK,IH-TSA,01/05/2023,," 42,579,000 "
BADBANK,XS,XSELL_LOW NEED_HIGH RISK,IH-TSA LG,01/05/2023,," 74,175,000 "
BADBANK,XS,XSELL_LOW NEED_LOW RISK,3P-DSA,01/01/2023, -   ," 10,550,000 "
BADBANK,XS,XSELL_LOW NEED_LOW RISK,3P-TSA,01/01/2023, -   ," 955,961,000 "
BADBANK,XS,XSELL_LOW NEED_LOW RISK,IH-DSA,01/12/2022, -   ," 30,000,000 "
BADBANK,XS,XSELL_LOW NEED_LOW RISK,IH-DSA,01/01/2023, 0.258700 ," 274,497,000 "
BADBANK,XS,XSELL_LOW NEED_LOW RISK,IH-DSA,01/05/2023,," 52,484,000 "
BADBANK,XS,XSELL_LOW NEED_LOW RISK,IH-POS,01/01/2023, 0.562925 ," 66,220,000 "
BADBANK,XS,XSELL_LOW NEED_LOW RISK,IH-TSA,01/01/2023, 0.220580 ," 1,555,018,000 "
BADBANK,XS,XSELL_LOW NEED_LOW RISK,IH-TSA LG,01/01/2023, -   ," 357,711,000 "
BADBANK,XS,XSELL_LOW NEED_LOW RISK,IH-TSA LG,01/05/2023,," 61,452,000 "
BADBANK,XS,XSELL_LOW NEED_MEDIUM RISK,3P-TSA,01/01/2023, -   ," 145,939,000 "
BADBANK,XS,XSELL_LOW NEED_MEDIUM RISK,IH-DSA,01/05/2023,," 30,000,000 "
BADBANK,XS,XSELL_LOW NEED_MEDIUM RISK,IH-TSA,01/01/2023, 0.312301 ," 284,805,000 "
BADBANK,XS,XSELL_LOW RISK,3P-TSA,01/12/2022, -   ," 48,735,000 "
BADBANK,XS,XSELL_LOW RISK,3P-TSA,01/01/2023, -   ," 15,639,000 "
BADBANK,XS,XSELL_LOW RISK,IH-TSA,01/12/2022, -   ," 58,025,000 "
BADBANK,XS,XSELL_MEDIUM NEED_HIGH RISK,3P-TSA,01/01/2023, -   ," 112,693,000 "
BADBANK,XS,XSELL_MEDIUM NEED_HIGH RISK,IH-DSA,01/12/2022, -   ," 10,550,000 "
BADBANK,XS,XSELL_MEDIUM NEED_HIGH RISK,IH-DSA,01/01/2023, 1.417293 ," 33,634,000 "
BADBANK,XS,XSELL_MEDIUM NEED_HIGH RISK,IH-DSA,01/02/2023, -   ," 19,568,000 "
BADBANK,XS,XSELL_MEDIUM NEED_HIGH RISK,IH-TSA,01/12/2022, -   ," 25,634,000 "
BADBANK,XS,XSELL_MEDIUM NEED_HIGH RISK,IH-TSA,01/01/2023, -   ," 115,228,000 "
BADBANK,XS,XSELL_MEDIUM NEED_HIGH RISK,IH-TSA,01/02/2023, -   ," 43,736,000 "
BADBANK,XS,XSELL_MEDIUM NEED_HIGH RISK,IH-TSA LG,01/05/2023,," 9,382,000 "
BADBANK,XS,XSELL_MEDIUM NEED_HIGH RISK,IH-TSA TR,01/04/2023, -   ," 15,000,000 "
BADBANK,XS,XSELL_MEDIUM NEED_LOW RISK,3P-DSA,01/01/2023, -   ," 50,000,000 "
BADBANK,XS,XSELL_MEDIUM NEED_LOW RISK,3P-TSA,01/01/2023, 0.220344 ," 781,063,000 "
BADBANK,XS,XSELL_MEDIUM NEED_LOW RISK,IH-DSA,01/01/2023, -   ," 260,500,000 "
BADBANK,XS,XSELL_MEDIUM NEED_LOW RISK,IH-DSA,01/02/2023, -   ," 32,250,000 "
BADBANK,XS,XSELL_MEDIUM NEED_LOW RISK,IH-POS,01/12/2022, -   ," 24,000,000 "
BADBANK,XS,XSELL_MEDIUM NEED_LOW RISK,IH-POS,01/01/2023, -   ," 199,123,000 "
BADBANK,XS,XSELL_MEDIUM NEED_LOW RISK,IH-TSA,01/01/2023, 0.089221 ," 2,952,654,000 "
BADBANK,XS,XSELL_MEDIUM NEED_LOW RISK,IH-TSA,01/05/2023,," 26,871,000 "
BADBANK,XS,XSELL_MEDIUM NEED_LOW RISK,IH-TSA LG,01/01/2023, -   ," 366,696,000 "
BADBANK,XS,XSELL_MEDIUM NEED_MEDIUM RISK,3P-TSA,01/01/2023, 0.248980 ," 273,997,000 "
BADBANK,XS,XSELL_MEDIUM NEED_MEDIUM RISK,IH-DSA,01/05/2023,," 44,075,000 "
BADBANK,XS,XSELL_MEDIUM NEED_MEDIUM RISK,IH-TSA,01/01/2023, 0.232477 ," 312,405,000 "
BADBANK,XS,XSELL_MEDIUM NEED_MEDIUM RISK,IH-TSA,01/05/2023,," 111,625,000 "
BADBANK,XS,XSELL_MEDIUM NEED_MEDIUM RISK,IH-TSA LG,01/01/2023, -   ," 24,188,000 "
BADBANK,XS,XSELL_MEDIUM NEED_MEDIUM RISK,IH-TSA LG,01/05/2023,," 32,250,000 "
BADBANK,XS,XSELL_MEDIUM NEED_MEDIUM RISK,IH-TSA TR,01/05/2023,," 59,125,000 "
BADBANK,XS,XSELL_MEDIUM RISK,3P-TSA,01/12/2022, 0.258332 ," 290,969,000 "
BADBANK,XS,XSELL_MEDIUM RISK,IH-TSA,01/01/2023, -   ," 33,000,000 "
BADBANK,XS,ZALO HIGH SCORE,IH-TSA LG,01/12/2022, -   ," 32,250,000 "
BADBANK,XS,ZALO MED SCORE,IH-TSA LG,01/12/2022, -   ," 75,250,000 "
