PLANNING_SELECTED,PRODUCT,BUDGET_GROUP,SALE_CHANNEL_GRP,CREATE_MONTH,FPD10_PJ,LOSS_RATE_PJ,LA in Bio
GOODBANK,CDL,NON PROMO NON-PORTABLE,3P-POS,01/12/2022,0.0134,0.0292,0.2
GOODBANK,CDL,NON PROMO NON-PORTABLE,3P-POS,01/01/2023,0.0335,0.0891,7.7
GOODBANK,CDL,NON PROMO NON-PORTABLE,3P-POS,01/02/2023,0.0464,0.1235,5.9
GOODBANK,CDL,NON PROMO NON-PORTABLE,3P-POS,01/03/2023,0.0296,0.0770,5.4
GOODBANK,CDL,NON PROMO NON-PORTABLE,3P-POS,01/04/2023,0.0204,0.0450,8.1
GOODBANK,CDL,NON PROMO NON-PORTABLE,3P-POS,01/05/2023,0.0181,0.0394,3.4
GOODBANK,CDL,NON PROMO NON-PORTABLE,IH-POS,01/12/2022,0.0388,0.1074,0.1
GOODBANK,CDL,NON PROMO NON-PORTABLE,IH-POS,01/01/2023,0.0243,0.0564,2.8
GOODBANK,CDL,NON PROMO NON-PORTABLE,IH-POS,01/02/2023,0.0238,0.0544,1.5
GOODBANK,CDL,NON PROMO NON-PORTABLE,IH-POS,01/03/2023,0.0141,0.0307,1.3
GOODBANK,CDL,NON PROMO NON-PORTABLE,IH-POS,01/04/2023,0.0191,0.0417,1.5
GOODBANK,CDL,NON PROMO NON-PORTABLE,IH-POS,01/05/2023,0.0000,0.0000,1.3
GOODBANK,CDL,NON PROMO PORTABLE,3P-POS,01/12/2022,0.0774,0.1664,2.6
GOODBANK,CDL,NON PROMO PORTABLE,3P-POS,01/01/2023,0.0552,0.1328,29.3
GOODBANK,CDL,NON PROMO PORTABLE,3P-POS,01/02/2023,0.0458,0.1225,31.1
GOODBANK,CDL,NON PROMO PORTABLE,3P-POS,01/03/2023,0.0486,0.1261,32.0
GOODBANK,CDL,NON PROMO PORTABLE,3P-POS,01/04/2023,0.0533,0.1310,38.7
GOODBANK,CDL,NON PROMO PORTABLE,3P-POS,01/05/2023,0.0317,0.0835,13.6
GOODBANK,CDL,NON PROMO PORTABLE,IH-POS,01/12/2022,0.0846,0.1734,1.7
GOODBANK,CDL,NON PROMO PORTABLE,IH-POS,01/01/2023,0.0487,0.1262,7.0
GOODBANK,CDL,NON PROMO PORTABLE,IH-POS,01/02/2023,0.0443,0.1198,7.7
GOODBANK,CDL,NON PROMO PORTABLE,IH-POS,01/03/2023,0.0430,0.1174,6.5
GOODBANK,CDL,NON PROMO PORTABLE,IH-POS,01/04/2023,0.0283,0.0725,6.2
GOODBANK,CDL,NON PROMO PORTABLE,IH-POS,01/05/2023,0.0287,0.0740,5.7
GOODBANK,CDL,PROMO NON-PORTABLE,3P-POS,01/12/2022,0.0072,0.0171,21.1
GOODBANK,CDL,PROMO NON-PORTABLE,3P-POS,01/01/2023,0.0200,0.0440,28.0
GOODBANK,CDL,PROMO NON-PORTABLE,3P-POS,01/02/2023,0.0217,0.0480,13.4
GOODBANK,CDL,PROMO NON-PORTABLE,3P-POS,01/03/2023,0.0091,0.0208,30.3
GOODBANK,CDL,PROMO NON-PORTABLE,3P-POS,01/04/2023,0.0045,0.0112,61.2
GOODBANK,CDL,PROMO NON-PORTABLE,3P-POS,01/05/2023,0.0185,0.0402,4.8
GOODBANK,CDL,PROMO NON-PORTABLE,IH-POS,01/12/2022,0.0309,0.0808,1.2
GOODBANK,CDL,PROMO NON-PORTABLE,IH-POS,01/01/2023,0.0139,0.0303,6.6
GOODBANK,CDL,PROMO NON-PORTABLE,IH-POS,01/02/2023,0.0237,0.0542,2.1
GOODBANK,CDL,PROMO NON-PORTABLE,IH-POS,01/03/2023,0.0114,0.0251,1.7
GOODBANK,CDL,PROMO NON-PORTABLE,IH-POS,01/04/2023,0.0101,0.0226,2.2
GOODBANK,CDL,PROMO NON-PORTABLE,IH-POS,01/05/2023,0.0045,0.0112,1.9
GOODBANK,CDL,PROMO PORTABLE,3P-POS,01/12/2022,0.0204,0.0448,37.0
GOODBANK,CDL,PROMO PORTABLE,3P-POS,01/01/2023,0.0203,0.0445,79.3
GOODBANK,CDL,PROMO PORTABLE,3P-POS,01/02/2023,0.0195,0.0428,91.2
GOODBANK,CDL,PROMO PORTABLE,3P-POS,01/03/2023,0.0184,0.0400,123.8
GOODBANK,CDL,PROMO PORTABLE,3P-POS,01/04/2023,0.0173,0.0375,118.0
GOODBANK,CDL,PROMO PORTABLE,3P-POS,01/05/2023,0.0189,0.0414,18.0
GOODBANK,CDL,PROMO PORTABLE,IH-POS,01/12/2022,0.0317,0.0833,1.5
GOODBANK,CDL,PROMO PORTABLE,IH-POS,01/01/2023,0.0345,0.0923,4.7
GOODBANK,CDL,PROMO PORTABLE,IH-POS,01/02/2023,0.0231,0.0518,3.4
GOODBANK,CDL,PROMO PORTABLE,IH-POS,01/03/2023,0.0295,0.0765,2.9
GOODBANK,CDL,PROMO PORTABLE,IH-POS,01/04/2023,0.0129,0.0283,3.2
GOODBANK,CDL,PROMO PORTABLE,IH-POS,01/05/2023,0.0169,0.0365,2.5
GOODBANK,CRC,(blank),3P-DSA,01/12/2022,,,0.0
GOODBANK,CRC,(blank),3P-DSA,01/01/2023,0.0000,,0.0
GOODBANK,CRC,(blank),IH-DSA,01/12/2022,0.0843,,39.4
GOODBANK,CRC,(blank),IH-DSA,01/01/2023,0.0469,,3.9
GOODBANK,CRC,(blank),IH-TSA,01/12/2022,0.0278,,1.9
GOODBANK,CRC,(blank),IH-TSA,01/01/2023,,,0.1
GOODBANK,CRC,(blank),IH-TSA TR,01/12/2022,0.0000,,0.1
GOODBANK,CRC,(blank),Unidentified,01/01/2023,,,0.0
GOODBANK,CRC,STAFF,Digital,01/12/2022,0.0000,,0.0
GOODBANK,PLLG,LG HIGH SCORE,IH-TSA,01/12/2022,0.0599,0.2914,0.3
GOODBANK,PLLG,LG HIGH SCORE,IH-TSA,01/01/2023,0.0000,0.0000,0.1
GOODBANK,PLLG,LG HIGH SCORE,IH-TSA LG,01/12/2022,0.0468,0.2590,29.0
GOODBANK,PLLG,LG HIGH SCORE,IH-TSA LG,01/01/2023,0.0197,0.1646,15.3
GOODBANK,PLLG,LG HIGH SCORE,IH-TSA LG,01/02/2023,0.0443,0.2489,17.5
GOODBANK,PLLG,LG HIGH SCORE,IH-TSA LG,01/03/2023,0.0508,0.2669,13.4
GOODBANK,PLLG,LG HIGH SCORE,IH-TSA LG,01/04/2023,0.0474,0.2601,13.9
GOODBANK,PLLG,LG HIGH SCORE,IH-TSA LG,01/05/2023,0.0621,0.2986,12.9
GOODBANK,PLLG,LG LOW SCORE,IH-TSA LG,01/12/2022,0.0955,0.3466,0.2
GOODBANK,PLLG,LG LOW SCORE,IH-TSA LG,01/01/2023,0.0000,0.0000,0.0
GOODBANK,PLLG,LG LOW SCORE,IH-TSA LG,01/02/2023,0.2143,0.7023,2.4
GOODBANK,PLLG,LG LOW SCORE,IH-TSA LG,01/03/2023,0.1395,0.4572,6.7
GOODBANK,PLLG,LG LOW SCORE,IH-TSA LG,01/04/2023,0.1478,0.4844,5.6
GOODBANK,PLLG,LG LOW SCORE,IH-TSA LG,01/05/2023,0.1143,0.3830,5.7
GOODBANK,PLLG,LG MED SCORE,IH-TSA,01/01/2023,0.0000,0.0000,0.0
GOODBANK,PLLG,LG MED SCORE,IH-TSA LG,01/12/2022,0.0931,0.3450,7.7
GOODBANK,PLLG,LG MED SCORE,IH-TSA LG,01/01/2023,0.0673,0.3096,7.2
GOODBANK,PLLG,LG MED SCORE,IH-TSA LG,01/02/2023,0.0640,0.3046,14.7
GOODBANK,PLLG,LG MED SCORE,IH-TSA LG,01/03/2023,0.0738,0.3191,17.6
GOODBANK,PLLG,LG MED SCORE,IH-TSA LG,01/04/2023,0.0559,0.2790,18.4
GOODBANK,PLLG,LG MED SCORE,IH-TSA LG,01/05/2023,0.0520,0.2693,15.9
GOODBANK,PLLG,ZALO HIGH SCORE,IH-TSA LG,01/12/2022,0.0369,0.2232,23.9
GOODBANK,PLLG,ZALO HIGH SCORE,IH-TSA LG,01/01/2023,0.0225,0.1777,13.2
GOODBANK,PLLG,ZALO HIGH SCORE,IH-TSA LG,01/02/2023,0.0465,0.2584,25.0
GOODBANK,PLLG,ZALO HIGH SCORE,IH-TSA LG,01/03/2023,0.0425,0.2408,19.4
GOODBANK,PLLG,ZALO HIGH SCORE,IH-TSA LG,01/04/2023,0.0094,0.1035,2.8
GOODBANK,PLLG,ZALO LOW SCORE,IH-TSA LG,01/12/2022,0.0000,0.0000,0.0
GOODBANK,PLLG,ZALO LOW SCORE,IH-TSA LG,01/03/2023,0.0123,0.1332,0.8
GOODBANK,PLLG,ZALO LOW SCORE,IH-TSA LG,01/04/2023,0.0780,0.3247,1.6
GOODBANK,PLLG,ZALO MED SCORE,IH-TSA LG,01/12/2022,0.0750,0.3208,17.6
GOODBANK,PLLG,ZALO MED SCORE,IH-TSA LG,01/01/2023,0.0668,0.3089,11.5
GOODBANK,PLLG,ZALO MED SCORE,IH-TSA LG,01/02/2023,0.0899,0.3427,17.9
GOODBANK,PLLG,ZALO MED SCORE,IH-TSA LG,01/03/2023,0.0833,0.3315,15.1
GOODBANK,PLLG,ZALO MED SCORE,IH-TSA LG,01/04/2023,0.0288,0.2006,5.0
GOODBANK,PLNLG,B@W,3P-DSA,01/12/2022,0.0332,0.1816,1.2
GOODBANK,PLNLG,B@W,3P-DSA,01/01/2023,0.0492,0.2243,3.0
GOODBANK,PLNLG,B@W,3P-DSA,01/02/2023,0.0280,0.1684,3.1
GOODBANK,PLNLG,B@W,3P-DSA,01/03/2023,0.1401,0.4318,0.7
GOODBANK,PLNLG,B@W,IH-DSA,01/12/2022,0.0464,0.2195,25.9
GOODBANK,PLNLG,B@W,IH-DSA,01/01/2023,0.0466,0.2199,27.0
GOODBANK,PLNLG,B@W,IH-DSA,01/02/2023,0.0381,0.1924,17.7
GOODBANK,PLNLG,B@W,IH-DSA,01/03/2023,0.0000,0.0000,0.1
GOODBANK,PLNLG,B@W,IH-POS,01/12/2022,0.0514,0.2279,4.4
GOODBANK,PLNLG,B@W,IH-POS,01/01/2023,0.0328,0.1808,7.2
GOODBANK,PLNLG,B@W,IH-POS,01/02/2023,0.0292,0.1717,5.1
GOODBANK,PLNLG,B@W,IH-POS,01/03/2023,0.0595,0.2449,0.7
GOODBANK,PLNLG,B@W,Unidentified,01/03/2023,0.0000,0.0000,0.0
GOODBANK,PLNLG,UNIFIED NONLG,3P-DSA,01/12/2022,0.1079,0.3650,34.5
GOODBANK,PLNLG,UNIFIED NONLG,3P-DSA,01/01/2023,0.1170,0.3771,68.6
GOODBANK,PLNLG,UNIFIED NONLG,3P-DSA,01/02/2023,0.1405,0.4330,79.6
GOODBANK,PLNLG,UNIFIED NONLG,3P-DSA,01/03/2023,0.1520,0.4683,94.5
GOODBANK,PLNLG,UNIFIED NONLG,3P-DSA,01/04/2023,0.1324,0.4079,110.8
GOODBANK,PLNLG,UNIFIED NONLG,3P-DSA,01/05/2023,0.0953,0.3436,132.1
GOODBANK,PLNLG,UNIFIED NONLG,3P-TSA,01/02/2023,0.1774,0.5468,0.7
GOODBANK,PLNLG,UNIFIED NONLG,3P-TSA,01/03/2023,0.0644,0.2595,5.6
GOODBANK,PLNLG,UNIFIED NONLG,3P-TSA,01/04/2023,0.0631,0.2575,9.9
GOODBANK,PLNLG,UNIFIED NONLG,3P-TSA,01/05/2023,0.0678,0.2640,11.6
GOODBANK,PLNLG,UNIFIED NONLG,IH-DSA,01/12/2022,0.0801,0.2916,331.8
GOODBANK,PLNLG,UNIFIED NONLG,IH-DSA,01/01/2023,0.0707,0.2675,450.4
GOODBANK,PLNLG,UNIFIED NONLG,IH-DSA,01/02/2023,0.0854,0.3110,485.3
GOODBANK,PLNLG,UNIFIED NONLG,IH-DSA,01/03/2023,0.0902,0.3286,530.1
GOODBANK,PLNLG,UNIFIED NONLG,IH-DSA,01/04/2023,0.0794,0.2892,517.5
GOODBANK,PLNLG,UNIFIED NONLG,IH-DSA,01/05/2023,0.0665,0.2622,556.0
GOODBANK,PLNLG,UNIFIED NONLG,IH-POS,01/12/2022,0.0647,0.2599,62.8
GOODBANK,PLNLG,UNIFIED NONLG,IH-POS,01/01/2023,0.0505,0.2264,91.9
GOODBANK,PLNLG,UNIFIED NONLG,IH-POS,01/02/2023,0.0655,0.2610,110.2
GOODBANK,PLNLG,UNIFIED NONLG,IH-POS,01/03/2023,0.0742,0.2718,137.2
GOODBANK,PLNLG,UNIFIED NONLG,IH-POS,01/04/2023,0.0589,0.2428,139.5
GOODBANK,PLNLG,UNIFIED NONLG,IH-POS,01/05/2023,0.0479,0.2221,151.7
GOODBANK,PLNLG,UNIFIED NONLG,IH-TSA,01/12/2022,0.1133,0.3759,9.9
GOODBANK,PLNLG,UNIFIED NONLG,IH-TSA,01/01/2023,0.0591,0.2434,10.8
GOODBANK,PLNLG,UNIFIED NONLG,IH-TSA,01/02/2023,0.0822,0.2993,14.2
GOODBANK,PLNLG,UNIFIED NONLG,IH-TSA,01/03/2023,0.0675,0.2635,40.7
GOODBANK,PLNLG,UNIFIED NONLG,IH-TSA,01/04/2023,0.0581,0.2398,49.8
GOODBANK,PLNLG,UNIFIED NONLG,IH-TSA,01/05/2023,0.0395,0.1953,62.0
GOODBANK,PLNLG,UNIFIED NONLG,IH-TSA LG,01/12/2022,0.0953,0.3437,40.0
GOODBANK,PLNLG,UNIFIED NONLG,IH-TSA LG,01/01/2023,0.0962,0.3459,54.7
GOODBANK,PLNLG,UNIFIED NONLG,IH-TSA LG,01/02/2023,0.1064,0.3617,74.2
GOODBANK,PLNLG,UNIFIED NONLG,IH-TSA LG,01/03/2023,0.1100,0.3694,96.1
GOODBANK,PLNLG,UNIFIED NONLG,IH-TSA LG,01/04/2023,0.0847,0.3086,93.5
GOODBANK,PLNLG,UNIFIED NONLG,IH-TSA LG,01/05/2023,0.0721,0.2693,112.5
GOODBANK,PLNLG,UNIFIED NONLG,IH-TSA TR,01/12/2022,0.0085,0.0785,1.2
GOODBANK,PLNLG,UNIFIED NONLG,IH-TSA TR,01/01/2023,0.0648,0.2600,1.9
GOODBANK,PLNLG,UNIFIED NONLG,IH-TSA TR,01/02/2023,0.0617,0.2523,1.7
GOODBANK,PLNLG,UNIFIED NONLG,IH-TSA TR,01/03/2023,0.0597,0.2455,1.9
GOODBANK,PLNLG,UNIFIED NONLG,IH-TSA TR,01/04/2023,0.0331,0.1815,2.9
GOODBANK,PLNLG,UNIFIED NONLG,IH-TSA TR,01/05/2023,0.1477,0.4553,2.5
GOODBANK,PLNLG,UNIFIED NONLG,Unidentified,01/03/2023,0.0000,0.0000,0.0
GOODBANK,PLNLG,UNIFIED NONLG,Unidentified,01/04/2023,0.2284,0.7039,0.2
GOODBANK,PLNLG,UNIFIED NONLG,Unidentified,01/05/2023,0.0000,0.0000,0.8
GOODBANK,TW,TWL NON PROMO NEW BIKE HIGH DP,3P-DSA,01/04/2023,0.0000,0.0000,0.0
GOODBANK,TW,TWL NON PROMO NEW BIKE HIGH DP,3P-DSA,01/05/2023,0.0000,0.0000,0.0
GOODBANK,TW,TWL NON PROMO NEW BIKE HIGH DP,IH-POS,01/12/2022,0.0259,0.0816,4.3
GOODBANK,TW,TWL NON PROMO NEW BIKE HIGH DP,IH-POS,01/01/2023,0.0139,0.0514,34.5
GOODBANK,TW,TWL NON PROMO NEW BIKE HIGH DP,IH-POS,01/02/2023,0.0123,0.0490,18.1
GOODBANK,TW,TWL NON PROMO NEW BIKE HIGH DP,IH-POS,01/03/2023,0.0177,0.0570,13.2
GOODBANK,TW,TWL NON PROMO NEW BIKE HIGH DP,IH-POS,01/04/2023,0.0171,0.0561,14.8
GOODBANK,TW,TWL NON PROMO NEW BIKE HIGH DP,IH-POS,01/05/2023,0.0222,0.0721,11.5
GOODBANK,TW,TWL NON PROMO NEW BIKE LOW DP,3P-DSA,01/01/2023,0.0000,0.0000,0.2
GOODBANK,TW,TWL NON PROMO NEW BIKE LOW DP,3P-DSA,01/02/2023,0.0000,0.0000,0.0
GOODBANK,TW,TWL NON PROMO NEW BIKE LOW DP,3P-DSA,01/03/2023,0.0000,0.0000,0.0
GOODBANK,TW,TWL NON PROMO NEW BIKE LOW DP,3P-DSA,01/04/2023,0.0000,0.0000,0.0
GOODBANK,TW,TWL NON PROMO NEW BIKE LOW DP,3P-DSA,01/05/2023,,,0.0
GOODBANK,TW,TWL NON PROMO NEW BIKE LOW DP,IH-POS,01/12/2022,0.0236,0.0770,17.0
GOODBANK,TW,TWL NON PROMO NEW BIKE LOW DP,IH-POS,01/01/2023,0.0142,0.0518,61.1
GOODBANK,TW,TWL NON PROMO NEW BIKE LOW DP,IH-POS,01/02/2023,0.0209,0.0674,33.8
GOODBANK,TW,TWL NON PROMO NEW BIKE LOW DP,IH-POS,01/03/2023,0.0152,0.0533,26.4
GOODBANK,TW,TWL NON PROMO NEW BIKE LOW DP,IH-POS,01/04/2023,0.0211,0.0680,29.2
GOODBANK,TW,TWL NON PROMO NEW BIKE LOW DP,IH-POS,01/05/2023,0.0234,0.0762,21.8
GOODBANK,TW,TWL NON PROMO USED BIKE HIGH DP,IH-POS,01/12/2022,0.0000,0.0000,0.3
GOODBANK,TW,TWL NON PROMO USED BIKE HIGH DP,IH-POS,01/01/2023,0.0610,0.1238,0.8
GOODBANK,TW,TWL NON PROMO USED BIKE HIGH DP,IH-POS,01/02/2023,0.0532,0.1171,0.8
GOODBANK,TW,TWL NON PROMO USED BIKE HIGH DP,IH-POS,01/03/2023,0.0486,0.1133,0.8
GOODBANK,TW,TWL NON PROMO USED BIKE HIGH DP,IH-POS,01/04/2023,0.0374,0.0967,1.1
GOODBANK,TW,TWL NON PROMO USED BIKE HIGH DP,IH-POS,01/05/2023,0.0290,0.0863,0.7
GOODBANK,TW,TWL PROMO NEW BIKE HIGH DP,3P-DSA,01/12/2022,0.0000,0.0000,0.0
GOODBANK,TW,TWL PROMO NEW BIKE HIGH DP,3P-DSA,01/01/2023,0.0000,0.0000,0.0
GOODBANK,TW,TWL PROMO NEW BIKE HIGH DP,3P-DSA,01/02/2023,0.0000,0.0000,0.0
GOODBANK,TW,TWL PROMO NEW BIKE HIGH DP,3P-DSA,01/03/2023,0.0000,0.0000,0.1
GOODBANK,TW,TWL PROMO NEW BIKE HIGH DP,3P-DSA,01/04/2023,0.0000,0.0000,0.1
GOODBANK,TW,TWL PROMO NEW BIKE HIGH DP,3P-DSA,01/05/2023,0.0000,0.0000,0.0
GOODBANK,TW,TWL PROMO NEW BIKE HIGH DP,IH-POS,01/12/2022,0.0060,0.0217,5.5
GOODBANK,TW,TWL PROMO NEW BIKE HIGH DP,IH-POS,01/01/2023,0.0061,0.0222,49.5
GOODBANK,TW,TWL PROMO NEW BIKE HIGH DP,IH-POS,01/02/2023,0.0071,0.0265,28.0
GOODBANK,TW,TWL PROMO NEW BIKE HIGH DP,IH-POS,01/03/2023,0.0057,0.0207,24.8
GOODBANK,TW,TWL PROMO NEW BIKE HIGH DP,IH-POS,01/04/2023,0.0032,0.0117,24.7
GOODBANK,TW,TWL PROMO NEW BIKE HIGH DP,IH-POS,01/05/2023,0.0039,0.0142,18.3
GOODBANK,TW,TWL PROMO NEW BIKE LOW DP,3P-DSA,01/02/2023,0.0000,0.0000,0.1
GOODBANK,TW,TWL PROMO NEW BIKE LOW DP,3P-DSA,01/03/2023,0.0000,0.0000,0.0
GOODBANK,TW,TWL PROMO NEW BIKE LOW DP,3P-DSA,01/05/2023,0.0000,0.0000,0.0
GOODBANK,TW,TWL PROMO NEW BIKE LOW DP,IH-POS,01/12/2022,0.0201,0.0644,4.4
GOODBANK,TW,TWL PROMO NEW BIKE LOW DP,IH-POS,01/01/2023,0.0213,0.0688,23.2
GOODBANK,TW,TWL PROMO NEW BIKE LOW DP,IH-POS,01/02/2023,0.0164,0.0551,18.9
GOODBANK,TW,TWL PROMO NEW BIKE LOW DP,IH-POS,01/03/2023,0.0132,0.0503,16.3
GOODBANK,TW,TWL PROMO NEW BIKE LOW DP,IH-POS,01/04/2023,0.0186,0.0593,13.6
GOODBANK,TW,TWL PROMO NEW BIKE LOW DP,IH-POS,01/05/2023,0.0208,0.0670,12.0
GOODBANK,TW,TWL PROMO USED BIKE HIGH DP,3P-DSA,01/05/2023,0.0000,0.0000,0.0
GOODBANK,TW,TWL PROMO USED BIKE HIGH DP,IH-POS,01/12/2022,0.0093,0.0365,4.4
GOODBANK,TW,TWL PROMO USED BIKE HIGH DP,IH-POS,01/01/2023,0.0265,0.0825,23.5
GOODBANK,TW,TWL PROMO USED BIKE HIGH DP,IH-POS,01/02/2023,0.0261,0.0820,18.0
GOODBANK,TW,TWL PROMO USED BIKE HIGH DP,IH-POS,01/03/2023,0.0294,0.0869,18.5
GOODBANK,TW,TWL PROMO USED BIKE HIGH DP,IH-POS,01/04/2023,0.0285,0.0855,22.2
GOODBANK,TW,TWL PROMO USED BIKE HIGH DP,IH-POS,01/05/2023,0.0139,0.0514,17.8
GOODBANK,TW,TWL PROMO USED BIKE LOW DP,IH-POS,01/12/2022,0.0000,0.0000,0.1
GOODBANK,TW,TWL PROMO USED BIKE LOW DP,IH-POS,01/01/2023,0.0650,0.1307,4.6
GOODBANK,TW,TWL PROMO USED BIKE LOW DP,IH-POS,01/02/2023,0.0246,0.0798,1.9
GOODBANK,TW,TWL PROMO USED BIKE LOW DP,IH-POS,01/03/2023,0.0660,0.1323,2.3
GOODBANK,TW,TWL PROMO USED BIKE LOW DP,IH-POS,01/04/2023,0.0415,0.1009,1.3
GOODBANK,TW,UNIFIED NONLG,3P-DSA,01/01/2023,0.0000,0.0000,0.0
GOODBANK,TW,UNIFIED NONLG,IH-DSA,01/01/2023,0.0000,0.0000,0.0
GOODBANK,XS,XSELL_HIGH NEED_HIGH RISK,3P-DSA,01/12/2022,0.0961,0.2488,1.8
GOODBANK,XS,XSELL_HIGH NEED_HIGH RISK,3P-DSA,01/01/2023,0.0461,0.1982,2.2
GOODBANK,XS,XSELL_HIGH NEED_HIGH RISK,3P-DSA,01/02/2023,0.1341,0.3006,1.6
GOODBANK,XS,XSELL_HIGH NEED_HIGH RISK,3P-DSA,01/03/2023,0.1084,0.2580,2.0
GOODBANK,XS,XSELL_HIGH NEED_HIGH RISK,3P-DSA,01/04/2023,0.0639,0.2202,2.4
GOODBANK,XS,XSELL_HIGH NEED_HIGH RISK,3P-DSA,01/05/2023,0.0000,0.0000,2.0
GOODBANK,XS,XSELL_HIGH NEED_HIGH RISK,3P-TSA,01/12/2022,0.0800,0.2369,36.8
GOODBANK,XS,XSELL_HIGH NEED_HIGH RISK,3P-TSA,01/01/2023,0.0438,0.1940,33.0
GOODBANK,XS,XSELL_HIGH NEED_HIGH RISK,3P-TSA,01/02/2023,0.0744,0.2316,21.4
GOODBANK,XS,XSELL_HIGH NEED_HIGH RISK,3P-TSA,01/03/2023,0.0568,0.2108,24.4
GOODBANK,XS,XSELL_HIGH NEED_HIGH RISK,3P-TSA,01/04/2023,0.0499,0.2022,18.7
GOODBANK,XS,XSELL_HIGH NEED_HIGH RISK,3P-TSA,01/05/2023,0.0313,0.1657,16.5
GOODBANK,XS,XSELL_HIGH NEED_HIGH RISK,IH-DSA,01/12/2022,0.0795,0.2366,16.2
GOODBANK,XS,XSELL_HIGH NEED_HIGH RISK,IH-DSA,01/01/2023,0.0357,0.1767,15.6
GOODBANK,XS,XSELL_HIGH NEED_HIGH RISK,IH-DSA,01/02/2023,0.0728,0.2300,9.3
GOODBANK,XS,XSELL_HIGH NEED_HIGH RISK,IH-DSA,01/03/2023,0.0614,0.2169,9.7
GOODBANK,XS,XSELL_HIGH NEED_HIGH RISK,IH-DSA,01/04/2023,0.0756,0.2328,9.3
GOODBANK,XS,XSELL_HIGH NEED_HIGH RISK,IH-DSA,01/05/2023,0.0682,0.2253,6.0
GOODBANK,XS,XSELL_HIGH NEED_HIGH RISK,IH-POS,01/12/2022,0.0650,0.2216,8.7
GOODBANK,XS,XSELL_HIGH NEED_HIGH RISK,IH-POS,01/01/2023,0.0332,0.1706,10.0
GOODBANK,XS,XSELL_HIGH NEED_HIGH RISK,IH-POS,01/02/2023,0.0298,0.1617,6.7
GOODBANK,XS,XSELL_HIGH NEED_HIGH RISK,IH-POS,01/03/2023,0.0330,0.1700,5.4
GOODBANK,XS,XSELL_HIGH NEED_HIGH RISK,IH-POS,01/04/2023,0.0246,0.1468,5.3
GOODBANK,XS,XSELL_HIGH NEED_HIGH RISK,IH-POS,01/05/2023,0.0000,0.0000,3.1
GOODBANK,XS,XSELL_HIGH NEED_HIGH RISK,IH-TSA,01/12/2022,0.0766,0.2338,83.9
GOODBANK,XS,XSELL_HIGH NEED_HIGH RISK,IH-TSA,01/01/2023,0.0574,0.2116,59.2
GOODBANK,XS,XSELL_HIGH NEED_HIGH RISK,IH-TSA,01/02/2023,0.0651,0.2218,32.2
GOODBANK,XS,XSELL_HIGH NEED_HIGH RISK,IH-TSA,01/03/2023,0.0697,0.2267,34.5
GOODBANK,XS,XSELL_HIGH NEED_HIGH RISK,IH-TSA,01/04/2023,0.0422,0.1912,28.3
GOODBANK,XS,XSELL_HIGH NEED_HIGH RISK,IH-TSA,01/05/2023,0.0346,0.1740,20.3
GOODBANK,XS,XSELL_HIGH NEED_HIGH RISK,IH-TSA LG,01/12/2022,0.0413,0.1895,21.1
GOODBANK,XS,XSELL_HIGH NEED_HIGH RISK,IH-TSA LG,01/01/2023,0.0411,0.1891,14.0
GOODBANK,XS,XSELL_HIGH NEED_HIGH RISK,IH-TSA LG,01/02/2023,0.0287,0.1588,11.1
GOODBANK,XS,XSELL_HIGH NEED_HIGH RISK,IH-TSA LG,01/03/2023,0.0436,0.1937,11.4
GOODBANK,XS,XSELL_HIGH NEED_HIGH RISK,IH-TSA LG,01/04/2023,0.0533,0.2059,10.2
GOODBANK,XS,XSELL_HIGH NEED_HIGH RISK,IH-TSA LG,01/05/2023,0.0255,0.1499,6.3
GOODBANK,XS,XSELL_HIGH NEED_HIGH RISK,IH-TSA TR,01/12/2022,0.0310,0.1647,6.9
GOODBANK,XS,XSELL_HIGH NEED_HIGH RISK,IH-TSA TR,01/01/2023,0.0301,0.1625,5.5
GOODBANK,XS,XSELL_HIGH NEED_HIGH RISK,IH-TSA TR,01/02/2023,0.0164,0.1199,3.1
GOODBANK,XS,XSELL_HIGH NEED_HIGH RISK,IH-TSA TR,01/03/2023,0.0124,0.1042,3.5
GOODBANK,XS,XSELL_HIGH NEED_HIGH RISK,IH-TSA TR,01/04/2023,0.0476,0.1999,5.2
GOODBANK,XS,XSELL_HIGH NEED_HIGH RISK,IH-TSA TR,01/05/2023,0.0535,0.2062,2.9
GOODBANK,XS,XSELL_HIGH NEED_LOW RISK,3P-DSA,01/01/2023,0.0000,0.0000,0.2
GOODBANK,XS,XSELL_HIGH NEED_LOW RISK,3P-DSA,01/02/2023,0.0000,0.0000,0.4
GOODBANK,XS,XSELL_HIGH NEED_LOW RISK,3P-DSA,01/03/2023,0.0560,0.2096,0.4
GOODBANK,XS,XSELL_HIGH NEED_LOW RISK,3P-DSA,01/04/2023,0.0000,0.0000,0.2
GOODBANK,XS,XSELL_HIGH NEED_LOW RISK,3P-DSA,01/05/2023,0.2372,0.5360,0.7
GOODBANK,XS,XSELL_HIGH NEED_LOW RISK,3P-TSA,01/01/2023,0.0000,0.0000,1.6
GOODBANK,XS,XSELL_HIGH NEED_LOW RISK,3P-TSA,01/02/2023,0.0234,0.1427,8.8
GOODBANK,XS,XSELL_HIGH NEED_LOW RISK,3P-TSA,01/03/2023,0.0205,0.1327,8.6
GOODBANK,XS,XSELL_HIGH NEED_LOW RISK,3P-TSA,01/04/2023,0.0062,0.0608,7.0
GOODBANK,XS,XSELL_HIGH NEED_LOW RISK,3P-TSA,01/05/2023,0.0196,0.1297,12.6
GOODBANK,XS,XSELL_HIGH NEED_LOW RISK,IH-DSA,01/01/2023,0.0210,0.1346,0.8
GOODBANK,XS,XSELL_HIGH NEED_LOW RISK,IH-DSA,01/02/2023,0.0067,0.0658,3.2
GOODBANK,XS,XSELL_HIGH NEED_LOW RISK,IH-DSA,01/03/2023,0.0314,0.1659,3.4
GOODBANK,XS,XSELL_HIGH NEED_LOW RISK,IH-DSA,01/04/2023,0.0158,0.1179,2.7
GOODBANK,XS,XSELL_HIGH NEED_LOW RISK,IH-DSA,01/05/2023,0.0000,0.0000,1.8
GOODBANK,XS,XSELL_HIGH NEED_LOW RISK,IH-POS,01/01/2023,0.0000,0.0000,0.2
GOODBANK,XS,XSELL_HIGH NEED_LOW RISK,IH-POS,01/02/2023,0.0219,0.1377,1.4
GOODBANK,XS,XSELL_HIGH NEED_LOW RISK,IH-POS,01/03/2023,0.0000,0.0000,1.2
GOODBANK,XS,XSELL_HIGH NEED_LOW RISK,IH-POS,01/04/2023,0.0000,0.0000,1.0
GOODBANK,XS,XSELL_HIGH NEED_LOW RISK,IH-POS,01/05/2023,0.1602,0.3618,1.0
GOODBANK,XS,XSELL_HIGH NEED_LOW RISK,IH-TSA,01/01/2023,0.0368,0.1794,1.6
GOODBANK,XS,XSELL_HIGH NEED_LOW RISK,IH-TSA,01/02/2023,0.0362,0.1780,14.4
GOODBANK,XS,XSELL_HIGH NEED_LOW RISK,IH-TSA,01/03/2023,0.0146,0.1143,11.3
GOODBANK,XS,XSELL_HIGH NEED_LOW RISK,IH-TSA,01/04/2023,0.0021,0.0203,10.4
GOODBANK,XS,XSELL_HIGH NEED_LOW RISK,IH-TSA,01/05/2023,0.0094,0.0843,13.7
GOODBANK,XS,XSELL_HIGH NEED_LOW RISK,IH-TSA LG,01/12/2022,0.0000,0.0000,0.0
GOODBANK,XS,XSELL_HIGH NEED_LOW RISK,IH-TSA LG,01/01/2023,0.0000,0.0000,1.6
GOODBANK,XS,XSELL_HIGH NEED_LOW RISK,IH-TSA LG,01/02/2023,0.0205,0.1327,7.5
GOODBANK,XS,XSELL_HIGH NEED_LOW RISK,IH-TSA LG,01/03/2023,0.0084,0.0771,5.1
GOODBANK,XS,XSELL_HIGH NEED_LOW RISK,IH-TSA LG,01/04/2023,0.0273,0.1550,5.7
GOODBANK,XS,XSELL_HIGH NEED_LOW RISK,IH-TSA LG,01/05/2023,0.0000,0.0000,5.8
GOODBANK,XS,XSELL_HIGH NEED_LOW RISK,IH-TSA TR,01/01/2023,0.0961,0.2488,0.7
GOODBANK,XS,XSELL_HIGH NEED_LOW RISK,IH-TSA TR,01/02/2023,0.0066,0.0646,6.4
GOODBANK,XS,XSELL_HIGH NEED_LOW RISK,IH-TSA TR,01/03/2023,0.0070,0.0674,6.5
GOODBANK,XS,XSELL_HIGH NEED_LOW RISK,IH-TSA TR,01/04/2023,0.0209,0.1341,2.4
GOODBANK,XS,XSELL_HIGH NEED_LOW RISK,IH-TSA TR,01/05/2023,0.0000,0.0000,2.3
GOODBANK,XS,XSELL_HIGH NEED_LOW RISK,Unidentified,01/05/2023,,,0.0
GOODBANK,XS,XSELL_HIGH NEED_MEDIUM RISK,3P-DSA,01/01/2023,0.0000,0.0000,0.5
GOODBANK,XS,XSELL_HIGH NEED_MEDIUM RISK,3P-DSA,01/02/2023,0.0846,0.2396,2.4
GOODBANK,XS,XSELL_HIGH NEED_MEDIUM RISK,3P-DSA,01/03/2023,0.0525,0.2049,1.8
GOODBANK,XS,XSELL_HIGH NEED_MEDIUM RISK,3P-DSA,01/04/2023,0.0510,0.2034,2.0
GOODBANK,XS,XSELL_HIGH NEED_MEDIUM RISK,3P-DSA,01/05/2023,0.0000,0.0000,2.1
GOODBANK,XS,XSELL_HIGH NEED_MEDIUM RISK,3P-TSA,01/01/2023,0.0152,0.1160,5.0
GOODBANK,XS,XSELL_HIGH NEED_MEDIUM RISK,3P-TSA,01/02/2023,0.0271,0.1547,31.3
GOODBANK,XS,XSELL_HIGH NEED_MEDIUM RISK,3P-TSA,01/03/2023,0.0353,0.1759,26.5
GOODBANK,XS,XSELL_HIGH NEED_MEDIUM RISK,3P-TSA,01/04/2023,0.0250,0.1481,23.1
GOODBANK,XS,XSELL_HIGH NEED_MEDIUM RISK,3P-TSA,01/05/2023,0.0229,0.1410,45.1
GOODBANK,XS,XSELL_HIGH NEED_MEDIUM RISK,IH-DSA,01/01/2023,0.0439,0.1942,2.4
GOODBANK,XS,XSELL_HIGH NEED_MEDIUM RISK,IH-DSA,01/02/2023,0.0412,0.1893,14.2
GOODBANK,XS,XSELL_HIGH NEED_MEDIUM RISK,IH-DSA,01/03/2023,0.0460,0.1980,11.2
GOODBANK,XS,XSELL_HIGH NEED_MEDIUM RISK,IH-DSA,01/04/2023,0.0381,0.1827,8.6
GOODBANK,XS,XSELL_HIGH NEED_MEDIUM RISK,IH-DSA,01/05/2023,0.0522,0.2046,10.1
GOODBANK,XS,XSELL_HIGH NEED_MEDIUM RISK,IH-POS,01/01/2023,0.0056,0.0547,1.8
GOODBANK,XS,XSELL_HIGH NEED_MEDIUM RISK,IH-POS,01/02/2023,0.0100,0.0882,7.4
GOODBANK,XS,XSELL_HIGH NEED_MEDIUM RISK,IH-POS,01/03/2023,0.0280,0.1569,5.8
GOODBANK,XS,XSELL_HIGH NEED_MEDIUM RISK,IH-POS,01/04/2023,0.0205,0.1327,4.5
GOODBANK,XS,XSELL_HIGH NEED_MEDIUM RISK,IH-POS,01/05/2023,0.0000,0.0000,5.0
GOODBANK,XS,XSELL_HIGH NEED_MEDIUM RISK,IH-TSA,01/01/2023,0.0148,0.1147,8.3
GOODBANK,XS,XSELL_HIGH NEED_MEDIUM RISK,IH-TSA,01/02/2023,0.0333,0.1708,48.4
GOODBANK,XS,XSELL_HIGH NEED_MEDIUM RISK,IH-TSA,01/03/2023,0.0295,0.1609,37.6
GOODBANK,XS,XSELL_HIGH NEED_MEDIUM RISK,IH-TSA,01/04/2023,0.0292,0.1602,32.2
GOODBANK,XS,XSELL_HIGH NEED_MEDIUM RISK,IH-TSA,01/05/2023,0.0306,0.1637,52.8
GOODBANK,XS,XSELL_HIGH NEED_MEDIUM RISK,IH-TSA LG,01/01/2023,0.0377,0.1817,4.2
GOODBANK,XS,XSELL_HIGH NEED_MEDIUM RISK,IH-TSA LG,01/02/2023,0.0273,0.1552,18.9
GOODBANK,XS,XSELL_HIGH NEED_MEDIUM RISK,IH-TSA LG,01/03/2023,0.0137,0.1116,16.1
GOODBANK,XS,XSELL_HIGH NEED_MEDIUM RISK,IH-TSA LG,01/04/2023,0.0135,0.1108,13.6
GOODBANK,XS,XSELL_HIGH NEED_MEDIUM RISK,IH-TSA LG,01/05/2023,0.0108,0.0933,17.3
GOODBANK,XS,XSELL_HIGH NEED_MEDIUM RISK,IH-TSA TR,01/01/2023,0.0000,0.0000,0.7
GOODBANK,XS,XSELL_HIGH NEED_MEDIUM RISK,IH-TSA TR,01/02/2023,0.0062,0.0608,11.5
GOODBANK,XS,XSELL_HIGH NEED_MEDIUM RISK,IH-TSA TR,01/03/2023,0.0165,0.1201,10.0
GOODBANK,XS,XSELL_HIGH NEED_MEDIUM RISK,IH-TSA TR,01/04/2023,0.0283,0.1577,5.9
GOODBANK,XS,XSELL_HIGH NEED_MEDIUM RISK,IH-TSA TR,01/05/2023,0.0144,0.1136,8.9
GOODBANK,XS,XSELL_HIGH NEED_MEDIUM RISK,Unidentified,01/04/2023,0.0000,0.0000,0.1
GOODBANK,XS,XSELL_LOW NEED_HIGH RISK,3P-DSA,01/12/2022,0.1136,0.2617,0.8
GOODBANK,XS,XSELL_LOW NEED_HIGH RISK,3P-DSA,01/01/2023,0.0537,0.2064,1.8
GOODBANK,XS,XSELL_LOW NEED_HIGH RISK,3P-DSA,01/02/2023,0.1007,0.2525,1.7
GOODBANK,XS,XSELL_LOW NEED_HIGH RISK,3P-DSA,01/03/2023,0.0767,0.2340,2.7
GOODBANK,XS,XSELL_LOW NEED_HIGH RISK,3P-DSA,01/04/2023,0.1720,0.3886,1.8
GOODBANK,XS,XSELL_LOW NEED_HIGH RISK,3P-DSA,01/05/2023,0.0000,0.0000,2.6
GOODBANK,XS,XSELL_LOW NEED_HIGH RISK,3P-TSA,01/12/2022,0.0416,0.1900,7.5
GOODBANK,XS,XSELL_LOW NEED_HIGH RISK,3P-TSA,01/01/2023,0.0434,0.1933,4.1
GOODBANK,XS,XSELL_LOW NEED_HIGH RISK,3P-TSA,01/02/2023,0.1266,0.2849,1.5
GOODBANK,XS,XSELL_LOW NEED_HIGH RISK,3P-TSA,01/03/2023,0.0381,0.1828,2.2
GOODBANK,XS,XSELL_LOW NEED_HIGH RISK,3P-TSA,01/04/2023,0.0409,0.1887,1.6
GOODBANK,XS,XSELL_LOW NEED_HIGH RISK,3P-TSA,01/05/2023,0.0504,0.2028,18.7
GOODBANK,XS,XSELL_LOW NEED_HIGH RISK,IH-DSA,01/12/2022,0.1218,0.2732,5.9
GOODBANK,XS,XSELL_LOW NEED_HIGH RISK,IH-DSA,01/01/2023,0.0689,0.2259,11.4
GOODBANK,XS,XSELL_LOW NEED_HIGH RISK,IH-DSA,01/02/2023,0.0793,0.2365,8.8
GOODBANK,XS,XSELL_LOW NEED_HIGH RISK,IH-DSA,01/03/2023,0.0747,0.2319,9.9
GOODBANK,XS,XSELL_LOW NEED_HIGH RISK,IH-DSA,01/04/2023,0.0693,0.2264,7.2
GOODBANK,XS,XSELL_LOW NEED_HIGH RISK,IH-DSA,01/05/2023,0.0570,0.2110,7.9
GOODBANK,XS,XSELL_LOW NEED_HIGH RISK,IH-POS,01/12/2022,0.0667,0.2237,1.8
GOODBANK,XS,XSELL_LOW NEED_HIGH RISK,IH-POS,01/01/2023,0.0583,0.2129,4.5
GOODBANK,XS,XSELL_LOW NEED_HIGH RISK,IH-POS,01/02/2023,0.0227,0.1401,3.5
GOODBANK,XS,XSELL_LOW NEED_HIGH RISK,IH-POS,01/03/2023,0.0396,0.1864,3.7
GOODBANK,XS,XSELL_LOW NEED_HIGH RISK,IH-POS,01/04/2023,0.0605,0.2158,3.2
GOODBANK,XS,XSELL_LOW NEED_HIGH RISK,IH-POS,01/05/2023,0.0284,0.1581,3.7
GOODBANK,XS,XSELL_LOW NEED_HIGH RISK,IH-TSA,01/12/2022,0.0614,0.2170,2.0
GOODBANK,XS,XSELL_LOW NEED_HIGH RISK,IH-TSA,01/01/2023,0.0796,0.2367,9.2
GOODBANK,XS,XSELL_LOW NEED_HIGH RISK,IH-TSA,01/02/2023,0.0442,0.1948,10.7
GOODBANK,XS,XSELL_LOW NEED_HIGH RISK,IH-TSA,01/03/2023,0.1024,0.2537,2.8
GOODBANK,XS,XSELL_LOW NEED_HIGH RISK,IH-TSA,01/04/2023,0.0848,0.2397,3.0
GOODBANK,XS,XSELL_LOW NEED_HIGH RISK,IH-TSA,01/05/2023,0.1212,0.2717,22.8
GOODBANK,XS,XSELL_LOW NEED_HIGH RISK,IH-TSA LG,01/12/2022,0.0850,0.2398,2.4
GOODBANK,XS,XSELL_LOW NEED_HIGH RISK,IH-TSA LG,01/01/2023,0.0753,0.2326,1.7
GOODBANK,XS,XSELL_LOW NEED_HIGH RISK,IH-TSA LG,01/02/2023,0.0787,0.2360,2.2
GOODBANK,XS,XSELL_LOW NEED_HIGH RISK,IH-TSA LG,01/03/2023,0.1376,0.3103,2.1
GOODBANK,XS,XSELL_LOW NEED_HIGH RISK,IH-TSA LG,01/04/2023,0.1018,0.2532,1.6
GOODBANK,XS,XSELL_LOW NEED_HIGH RISK,IH-TSA LG,01/05/2023,0.0757,0.2330,8.2
GOODBANK,XS,XSELL_LOW NEED_HIGH RISK,IH-TSA TR,01/12/2022,0.0000,0.0000,0.1
GOODBANK,XS,XSELL_LOW NEED_HIGH RISK,IH-TSA TR,01/01/2023,0.0000,0.0000,0.2
GOODBANK,XS,XSELL_LOW NEED_HIGH RISK,IH-TSA TR,01/02/2023,0.0000,0.0000,0.1
GOODBANK,XS,XSELL_LOW NEED_HIGH RISK,IH-TSA TR,01/03/2023,1.0000,2.2592,0.0
GOODBANK,XS,XSELL_LOW NEED_HIGH RISK,IH-TSA TR,01/04/2023,0.0000,0.0000,0.1
GOODBANK,XS,XSELL_LOW NEED_HIGH RISK,IH-TSA TR,01/05/2023,0.0000,0.0000,2.9
GOODBANK,XS,XSELL_LOW NEED_LOW RISK,3P-DSA,01/01/2023,0.4911,1.1096,0.2
GOODBANK,XS,XSELL_LOW NEED_LOW RISK,3P-DSA,01/02/2023,0.1416,0.3198,1.6
GOODBANK,XS,XSELL_LOW NEED_LOW RISK,3P-DSA,01/03/2023,0.0501,0.2025,2.4
GOODBANK,XS,XSELL_LOW NEED_LOW RISK,3P-DSA,01/04/2023,0.0816,0.2378,2.4
GOODBANK,XS,XSELL_LOW NEED_LOW RISK,3P-DSA,01/05/2023,0.1035,0.2545,2.5
GOODBANK,XS,XSELL_LOW NEED_LOW RISK,3P-TSA,01/01/2023,0.0000,0.0000,0.0
GOODBANK,XS,XSELL_LOW NEED_LOW RISK,3P-TSA,01/02/2023,0.0043,0.0426,2.5
GOODBANK,XS,XSELL_LOW NEED_LOW RISK,3P-TSA,01/03/2023,0.0409,0.1888,2.7
GOODBANK,XS,XSELL_LOW NEED_LOW RISK,3P-TSA,01/04/2023,0.0543,0.2073,1.2
GOODBANK,XS,XSELL_LOW NEED_LOW RISK,3P-TSA,01/05/2023,0.0000,0.0000,2.8
GOODBANK,XS,XSELL_LOW NEED_LOW RISK,IH-DSA,01/01/2023,0.0270,0.1544,1.8
GOODBANK,XS,XSELL_LOW NEED_LOW RISK,IH-DSA,01/02/2023,0.0350,0.1751,10.0
GOODBANK,XS,XSELL_LOW NEED_LOW RISK,IH-DSA,01/03/2023,0.0301,0.1624,11.4
GOODBANK,XS,XSELL_LOW NEED_LOW RISK,IH-DSA,01/04/2023,0.0357,0.1767,10.0
GOODBANK,XS,XSELL_LOW NEED_LOW RISK,IH-DSA,01/05/2023,0.0188,0.1272,10.0
GOODBANK,XS,XSELL_LOW NEED_LOW RISK,IH-POS,01/01/2023,0.0631,0.2192,0.5
GOODBANK,XS,XSELL_LOW NEED_LOW RISK,IH-POS,01/02/2023,0.0383,0.1832,3.5
GOODBANK,XS,XSELL_LOW NEED_LOW RISK,IH-POS,01/03/2023,0.0212,0.1351,3.6
GOODBANK,XS,XSELL_LOW NEED_LOW RISK,IH-POS,01/04/2023,0.0061,0.0605,3.3
GOODBANK,XS,XSELL_LOW NEED_LOW RISK,IH-POS,01/05/2023,0.0347,0.1742,3.0
GOODBANK,XS,XSELL_LOW NEED_LOW RISK,IH-TSA,01/01/2023,0.0000,0.0000,0.2
GOODBANK,XS,XSELL_LOW NEED_LOW RISK,IH-TSA,01/02/2023,0.0211,0.1348,4.6
GOODBANK,XS,XSELL_LOW NEED_LOW RISK,IH-TSA,01/03/2023,0.0270,0.1543,4.6
GOODBANK,XS,XSELL_LOW NEED_LOW RISK,IH-TSA,01/04/2023,0.0000,0.0000,2.6
GOODBANK,XS,XSELL_LOW NEED_LOW RISK,IH-TSA,01/05/2023,0.0124,0.1047,4.9
GOODBANK,XS,XSELL_LOW NEED_LOW RISK,IH-TSA LG,01/01/2023,0.0000,0.0000,0.3
GOODBANK,XS,XSELL_LOW NEED_LOW RISK,IH-TSA LG,01/02/2023,0.0436,0.1937,2.4
GOODBANK,XS,XSELL_LOW NEED_LOW RISK,IH-TSA LG,01/03/2023,0.0528,0.2052,2.9
GOODBANK,XS,XSELL_LOW NEED_LOW RISK,IH-TSA LG,01/04/2023,0.0297,0.1614,3.1
GOODBANK,XS,XSELL_LOW NEED_LOW RISK,IH-TSA LG,01/05/2023,0.0144,0.1137,2.8
GOODBANK,XS,XSELL_LOW NEED_LOW RISK,IH-TSA TR,01/01/2023,0.0000,0.0000,0.1
GOODBANK,XS,XSELL_LOW NEED_LOW RISK,IH-TSA TR,01/02/2023,0.0468,0.1990,0.5
GOODBANK,XS,XSELL_LOW NEED_LOW RISK,IH-TSA TR,01/03/2023,0.0000,0.0000,0.2
GOODBANK,XS,XSELL_LOW NEED_LOW RISK,IH-TSA TR,01/04/2023,0.2464,0.5567,0.2
GOODBANK,XS,XSELL_LOW NEED_LOW RISK,IH-TSA TR,01/05/2023,0.0000,0.0000,0.2
GOODBANK,XS,XSELL_LOW NEED_MEDIUM RISK,3P-DSA,01/01/2023,0.0805,0.2372,0.8
GOODBANK,XS,XSELL_LOW NEED_MEDIUM RISK,3P-DSA,01/02/2023,0.0631,0.2192,3.6
GOODBANK,XS,XSELL_LOW NEED_MEDIUM RISK,3P-DSA,01/03/2023,0.1595,0.3604,4.5
GOODBANK,XS,XSELL_LOW NEED_MEDIUM RISK,3P-DSA,01/04/2023,0.0926,0.2460,3.7
GOODBANK,XS,XSELL_LOW NEED_MEDIUM RISK,3P-DSA,01/05/2023,0.0697,0.2267,5.4
GOODBANK,XS,XSELL_LOW NEED_MEDIUM RISK,3P-TSA,01/02/2023,0.0678,0.2248,4.3
GOODBANK,XS,XSELL_LOW NEED_MEDIUM RISK,3P-TSA,01/03/2023,0.0267,0.1537,4.9
GOODBANK,XS,XSELL_LOW NEED_MEDIUM RISK,3P-TSA,01/04/2023,0.0219,0.1374,2.5
GOODBANK,XS,XSELL_LOW NEED_MEDIUM RISK,3P-TSA,01/05/2023,0.0127,0.1067,5.8
GOODBANK,XS,XSELL_LOW NEED_MEDIUM RISK,IH-DSA,01/01/2023,0.0750,0.2323,3.3
GOODBANK,XS,XSELL_LOW NEED_MEDIUM RISK,IH-DSA,01/02/2023,0.0581,0.2126,19.8
GOODBANK,XS,XSELL_LOW NEED_MEDIUM RISK,IH-DSA,01/03/2023,0.0517,0.2041,20.2
GOODBANK,XS,XSELL_LOW NEED_MEDIUM RISK,IH-DSA,01/04/2023,0.0623,0.2181,17.3
GOODBANK,XS,XSELL_LOW NEED_MEDIUM RISK,IH-DSA,01/05/2023,0.0304,0.1633,17.9
GOODBANK,XS,XSELL_LOW NEED_MEDIUM RISK,IH-POS,01/01/2023,0.0630,0.2190,1.1
GOODBANK,XS,XSELL_LOW NEED_MEDIUM RISK,IH-POS,01/02/2023,0.0385,0.1836,7.1
GOODBANK,XS,XSELL_LOW NEED_MEDIUM RISK,IH-POS,01/03/2023,0.0373,0.1807,8.0
GOODBANK,XS,XSELL_LOW NEED_MEDIUM RISK,IH-POS,01/04/2023,0.0327,0.1693,6.8
GOODBANK,XS,XSELL_LOW NEED_MEDIUM RISK,IH-POS,01/05/2023,0.0251,0.1483,5.8
GOODBANK,XS,XSELL_LOW NEED_MEDIUM RISK,IH-TSA,01/01/2023,0.0356,0.1766,0.8
GOODBANK,XS,XSELL_LOW NEED_MEDIUM RISK,IH-TSA,01/02/2023,0.1056,0.2561,6.7
GOODBANK,XS,XSELL_LOW NEED_MEDIUM RISK,IH-TSA,01/03/2023,0.0694,0.2265,8.0
GOODBANK,XS,XSELL_LOW NEED_MEDIUM RISK,IH-TSA,01/04/2023,0.0330,0.1701,5.5
GOODBANK,XS,XSELL_LOW NEED_MEDIUM RISK,IH-TSA,01/05/2023,0.0436,0.1936,7.9
GOODBANK,XS,XSELL_LOW NEED_MEDIUM RISK,IH-TSA LG,01/01/2023,0.0000,0.0000,0.4
GOODBANK,XS,XSELL_LOW NEED_MEDIUM RISK,IH-TSA LG,01/02/2023,0.0855,0.2401,5.6
GOODBANK,XS,XSELL_LOW NEED_MEDIUM RISK,IH-TSA LG,01/03/2023,0.0744,0.2316,4.9
GOODBANK,XS,XSELL_LOW NEED_MEDIUM RISK,IH-TSA LG,01/04/2023,0.0625,0.2183,3.8
GOODBANK,XS,XSELL_LOW NEED_MEDIUM RISK,IH-TSA LG,01/05/2023,0.0942,0.2473,5.3
GOODBANK,XS,XSELL_LOW NEED_MEDIUM RISK,IH-TSA TR,01/02/2023,0.0765,0.2338,0.4
GOODBANK,XS,XSELL_LOW NEED_MEDIUM RISK,IH-TSA TR,01/03/2023,0.0000,0.0000,0.3
GOODBANK,XS,XSELL_LOW NEED_MEDIUM RISK,IH-TSA TR,01/04/2023,0.0772,0.2344,0.7
GOODBANK,XS,XSELL_LOW NEED_MEDIUM RISK,IH-TSA TR,01/05/2023,0.0000,0.0000,0.6
GOODBANK,XS,XSELL_LOW NEED_MEDIUM RISK,Unidentified,01/05/2023,0.0000,0.0000,0.0
GOODBANK,XS,XSELL_LOW RISK,3P-DSA,01/12/2022,0.0862,0.2406,2.1
GOODBANK,XS,XSELL_LOW RISK,3P-DSA,01/01/2023,0.0351,0.1752,3.5
GOODBANK,XS,XSELL_LOW RISK,3P-TSA,01/12/2022,0.0202,0.1316,38.7
GOODBANK,XS,XSELL_LOW RISK,3P-TSA,01/01/2023,0.0144,0.1137,24.4
GOODBANK,XS,XSELL_LOW RISK,IH-DSA,01/12/2022,0.0345,0.1737,19.2
GOODBANK,XS,XSELL_LOW RISK,IH-DSA,01/01/2023,0.0347,0.1743,20.3
GOODBANK,XS,XSELL_LOW RISK,IH-POS,01/12/2022,0.0107,0.0929,7.8
GOODBANK,XS,XSELL_LOW RISK,IH-POS,01/01/2023,0.0100,0.0885,7.7
GOODBANK,XS,XSELL_LOW RISK,IH-TSA,01/12/2022,0.0165,0.1201,46.9
GOODBANK,XS,XSELL_LOW RISK,IH-TSA,01/01/2023,0.0187,0.1270,33.1
GOODBANK,XS,XSELL_LOW RISK,IH-TSA LG,01/12/2022,0.0082,0.0758,23.4
GOODBANK,XS,XSELL_LOW RISK,IH-TSA LG,01/01/2023,0.0157,0.1178,13.1
GOODBANK,XS,XSELL_LOW RISK,IH-TSA TR,01/12/2022,0.0103,0.0903,15.7
GOODBANK,XS,XSELL_LOW RISK,IH-TSA TR,01/01/2023,0.0084,0.0772,11.2
GOODBANK,XS,XSELL_MEDIUM NEED_HIGH RISK,3P-DSA,01/12/2022,0.0410,0.1889,0.8
GOODBANK,XS,XSELL_MEDIUM NEED_HIGH RISK,3P-DSA,01/01/2023,0.1458,0.3293,1.3
GOODBANK,XS,XSELL_MEDIUM NEED_HIGH RISK,3P-DSA,01/02/2023,0.1473,0.3328,1.1
GOODBANK,XS,XSELL_MEDIUM NEED_HIGH RISK,3P-DSA,01/03/2023,0.1107,0.2597,1.3
GOODBANK,XS,XSELL_MEDIUM NEED_HIGH RISK,3P-DSA,01/04/2023,0.0809,0.2375,1.3
GOODBANK,XS,XSELL_MEDIUM NEED_HIGH RISK,3P-DSA,01/05/2023,0.0855,0.2401,1.3
GOODBANK,XS,XSELL_MEDIUM NEED_HIGH RISK,3P-TSA,01/12/2022,0.0681,0.2251,14.6
GOODBANK,XS,XSELL_MEDIUM NEED_HIGH RISK,3P-TSA,01/01/2023,0.0574,0.2116,14.1
GOODBANK,XS,XSELL_MEDIUM NEED_HIGH RISK,3P-TSA,01/02/2023,0.0738,0.2310,6.1
GOODBANK,XS,XSELL_MEDIUM NEED_HIGH RISK,3P-TSA,01/03/2023,0.0770,0.2343,7.9
GOODBANK,XS,XSELL_MEDIUM NEED_HIGH RISK,3P-TSA,01/04/2023,0.0940,0.2472,6.1
GOODBANK,XS,XSELL_MEDIUM NEED_HIGH RISK,3P-TSA,01/05/2023,0.0627,0.2186,5.6
GOODBANK,XS,XSELL_MEDIUM NEED_HIGH RISK,IH-DSA,01/12/2022,0.0688,0.2258,6.4
GOODBANK,XS,XSELL_MEDIUM NEED_HIGH RISK,IH-DSA,01/01/2023,0.0830,0.2386,7.5
GOODBANK,XS,XSELL_MEDIUM NEED_HIGH RISK,IH-DSA,01/02/2023,0.0787,0.2360,6.5
GOODBANK,XS,XSELL_MEDIUM NEED_HIGH RISK,IH-DSA,01/03/2023,0.0489,0.2012,6.4
GOODBANK,XS,XSELL_MEDIUM NEED_HIGH RISK,IH-DSA,01/04/2023,0.0436,0.1937,6.7
GOODBANK,XS,XSELL_MEDIUM NEED_HIGH RISK,IH-DSA,01/05/2023,0.0861,0.2405,3.7
GOODBANK,XS,XSELL_MEDIUM NEED_HIGH RISK,IH-POS,01/12/2022,0.0438,0.1940,3.0
GOODBANK,XS,XSELL_MEDIUM NEED_HIGH RISK,IH-POS,01/01/2023,0.0135,0.1110,4.7
GOODBANK,XS,XSELL_MEDIUM NEED_HIGH RISK,IH-POS,01/02/2023,0.0391,0.1851,2.9
GOODBANK,XS,XSELL_MEDIUM NEED_HIGH RISK,IH-POS,01/03/2023,0.0565,0.2104,2.9
GOODBANK,XS,XSELL_MEDIUM NEED_HIGH RISK,IH-POS,01/04/2023,0.0142,0.1130,2.3
GOODBANK,XS,XSELL_MEDIUM NEED_HIGH RISK,IH-POS,01/05/2023,0.0583,0.2128,2.0
GOODBANK,XS,XSELL_MEDIUM NEED_HIGH RISK,IH-TSA,01/12/2022,0.0800,0.2369,16.0
GOODBANK,XS,XSELL_MEDIUM NEED_HIGH RISK,IH-TSA,01/01/2023,0.0552,0.2086,11.5
GOODBANK,XS,XSELL_MEDIUM NEED_HIGH RISK,IH-TSA,01/02/2023,0.0790,0.2363,8.2
GOODBANK,XS,XSELL_MEDIUM NEED_HIGH RISK,IH-TSA,01/03/2023,0.1115,0.2603,5.4
GOODBANK,XS,XSELL_MEDIUM NEED_HIGH RISK,IH-TSA,01/04/2023,0.0397,0.1866,5.0
GOODBANK,XS,XSELL_MEDIUM NEED_HIGH RISK,IH-TSA,01/05/2023,0.0528,0.2052,6.8
GOODBANK,XS,XSELL_MEDIUM NEED_HIGH RISK,IH-TSA LG,01/12/2022,0.0642,0.2206,3.7
GOODBANK,XS,XSELL_MEDIUM NEED_HIGH RISK,IH-TSA LG,01/01/2023,0.0446,0.1955,2.5
GOODBANK,XS,XSELL_MEDIUM NEED_HIGH RISK,IH-TSA LG,01/02/2023,0.1326,0.2965,2.7
GOODBANK,XS,XSELL_MEDIUM NEED_HIGH RISK,IH-TSA LG,01/03/2023,0.1614,0.3646,2.1
GOODBANK,XS,XSELL_MEDIUM NEED_HIGH RISK,IH-TSA LG,01/04/2023,0.1149,0.2625,2.3
GOODBANK,XS,XSELL_MEDIUM NEED_HIGH RISK,IH-TSA LG,01/05/2023,0.0540,0.2069,2.1
GOODBANK,XS,XSELL_MEDIUM NEED_HIGH RISK,IH-TSA TR,01/12/2022,0.0000,0.0000,0.5
GOODBANK,XS,XSELL_MEDIUM NEED_HIGH RISK,IH-TSA TR,01/01/2023,0.0000,0.0000,0.5
GOODBANK,XS,XSELL_MEDIUM NEED_HIGH RISK,IH-TSA TR,01/02/2023,0.0000,0.0000,0.6
GOODBANK,XS,XSELL_MEDIUM NEED_HIGH RISK,IH-TSA TR,01/03/2023,0.0000,0.0000,0.7
GOODBANK,XS,XSELL_MEDIUM NEED_HIGH RISK,IH-TSA TR,01/04/2023,0.0399,0.1869,1.1
GOODBANK,XS,XSELL_MEDIUM NEED_HIGH RISK,IH-TSA TR,01/05/2023,0.0000,0.0000,1.0
GOODBANK,XS,XSELL_MEDIUM NEED_LOW RISK,3P-DSA,01/01/2023,0.4230,0.9556,0.1
GOODBANK,XS,XSELL_MEDIUM NEED_LOW RISK,3P-DSA,01/02/2023,0.0519,0.2043,0.6
GOODBANK,XS,XSELL_MEDIUM NEED_LOW RISK,3P-DSA,01/03/2023,0.0000,0.0000,0.9
GOODBANK,XS,XSELL_MEDIUM NEED_LOW RISK,3P-DSA,01/04/2023,0.0000,0.0000,0.6
GOODBANK,XS,XSELL_MEDIUM NEED_LOW RISK,3P-DSA,01/05/2023,0.0000,0.0000,0.5
GOODBANK,XS,XSELL_MEDIUM NEED_LOW RISK,3P-TSA,01/01/2023,0.0000,0.0000,0.7
GOODBANK,XS,XSELL_MEDIUM NEED_LOW RISK,3P-TSA,01/02/2023,0.0288,0.1590,7.5
GOODBANK,XS,XSELL_MEDIUM NEED_LOW RISK,3P-TSA,01/03/2023,0.0114,0.0978,7.1
GOODBANK,XS,XSELL_MEDIUM NEED_LOW RISK,3P-TSA,01/04/2023,0.0295,0.1610,5.7
GOODBANK,XS,XSELL_MEDIUM NEED_LOW RISK,3P-TSA,01/05/2023,0.0342,0.1731,6.1
GOODBANK,XS,XSELL_MEDIUM NEED_LOW RISK,IH-DSA,01/01/2023,0.0164,0.1199,0.7
GOODBANK,XS,XSELL_MEDIUM NEED_LOW RISK,IH-DSA,01/02/2023,0.0383,0.1833,4.7
GOODBANK,XS,XSELL_MEDIUM NEED_LOW RISK,IH-DSA,01/03/2023,0.0319,0.1673,4.0
GOODBANK,XS,XSELL_MEDIUM NEED_LOW RISK,IH-DSA,01/04/2023,0.0184,0.1260,3.5
GOODBANK,XS,XSELL_MEDIUM NEED_LOW RISK,IH-DSA,01/05/2023,0.0108,0.0934,2.4
GOODBANK,XS,XSELL_MEDIUM NEED_LOW RISK,IH-POS,01/01/2023,0.0000,0.0000,0.5
GOODBANK,XS,XSELL_MEDIUM NEED_LOW RISK,IH-POS,01/02/2023,0.0175,0.1232,1.3
GOODBANK,XS,XSELL_MEDIUM NEED_LOW RISK,IH-POS,01/03/2023,0.0000,0.0000,1.7
GOODBANK,XS,XSELL_MEDIUM NEED_LOW RISK,IH-POS,01/04/2023,0.1019,0.2534,0.8
GOODBANK,XS,XSELL_MEDIUM NEED_LOW RISK,IH-POS,01/05/2023,0.0000,0.0000,1.1
GOODBANK,XS,XSELL_MEDIUM NEED_LOW RISK,IH-TSA,01/01/2023,0.0000,0.0000,0.8
GOODBANK,XS,XSELL_MEDIUM NEED_LOW RISK,IH-TSA,01/02/2023,0.0409,0.1888,6.8
GOODBANK,XS,XSELL_MEDIUM NEED_LOW RISK,IH-TSA,01/03/2023,0.0037,0.0360,4.4
GOODBANK,XS,XSELL_MEDIUM NEED_LOW RISK,IH-TSA,01/04/2023,0.0410,0.1889,6.2
GOODBANK,XS,XSELL_MEDIUM NEED_LOW RISK,IH-TSA,01/05/2023,0.0000,0.0000,6.8
GOODBANK,XS,XSELL_MEDIUM NEED_LOW RISK,IH-TSA LG,01/01/2023,0.0000,0.0000,0.2
GOODBANK,XS,XSELL_MEDIUM NEED_LOW RISK,IH-TSA LG,01/02/2023,0.0446,0.1954,2.9
GOODBANK,XS,XSELL_MEDIUM NEED_LOW RISK,IH-TSA LG,01/03/2023,0.0543,0.2073,1.8
GOODBANK,XS,XSELL_MEDIUM NEED_LOW RISK,IH-TSA LG,01/04/2023,0.0319,0.1671,2.2
GOODBANK,XS,XSELL_MEDIUM NEED_LOW RISK,IH-TSA LG,01/05/2023,0.0000,0.0000,2.2
GOODBANK,XS,XSELL_MEDIUM NEED_LOW RISK,IH-TSA TR,01/01/2023,0.0000,0.0000,0.1
GOODBANK,XS,XSELL_MEDIUM NEED_LOW RISK,IH-TSA TR,01/02/2023,0.0198,0.1306,1.9
GOODBANK,XS,XSELL_MEDIUM NEED_LOW RISK,IH-TSA TR,01/03/2023,0.0149,0.1151,2.0
GOODBANK,XS,XSELL_MEDIUM NEED_LOW RISK,IH-TSA TR,01/04/2023,0.0000,0.0000,0.8
GOODBANK,XS,XSELL_MEDIUM NEED_LOW RISK,IH-TSA TR,01/05/2023,0.0000,0.0000,1.3
GOODBANK,XS,XSELL_MEDIUM NEED_MEDIUM RISK,3P-DSA,01/01/2023,0.3954,0.8934,0.2
GOODBANK,XS,XSELL_MEDIUM NEED_MEDIUM RISK,3P-DSA,01/02/2023,0.0512,0.2036,2.1
GOODBANK,XS,XSELL_MEDIUM NEED_MEDIUM RISK,3P-DSA,01/03/2023,0.0598,0.2148,2.3
GOODBANK,XS,XSELL_MEDIUM NEED_MEDIUM RISK,3P-DSA,01/04/2023,0.1109,0.2598,1.9
GOODBANK,XS,XSELL_MEDIUM NEED_MEDIUM RISK,3P-DSA,01/05/2023,0.0681,0.2251,2.3
GOODBANK,XS,XSELL_MEDIUM NEED_MEDIUM RISK,3P-TSA,01/01/2023,0.0133,0.1101,1.6
GOODBANK,XS,XSELL_MEDIUM NEED_MEDIUM RISK,3P-TSA,01/02/2023,0.0446,0.1954,17.2
GOODBANK,XS,XSELL_MEDIUM NEED_MEDIUM RISK,3P-TSA,01/03/2023,0.0477,0.1999,14.4
GOODBANK,XS,XSELL_MEDIUM NEED_MEDIUM RISK,3P-TSA,01/04/2023,0.0289,0.1593,13.3
GOODBANK,XS,XSELL_MEDIUM NEED_MEDIUM RISK,3P-TSA,01/05/2023,0.0153,0.1165,14.9
GOODBANK,XS,XSELL_MEDIUM NEED_MEDIUM RISK,IH-DSA,01/01/2023,0.0696,0.2267,1.5
GOODBANK,XS,XSELL_MEDIUM NEED_MEDIUM RISK,IH-DSA,01/02/2023,0.0267,0.1536,10.4
GOODBANK,XS,XSELL_MEDIUM NEED_MEDIUM RISK,IH-DSA,01/03/2023,0.0535,0.2062,9.9
GOODBANK,XS,XSELL_MEDIUM NEED_MEDIUM RISK,IH-DSA,01/04/2023,0.0391,0.1852,8.4
GOODBANK,XS,XSELL_MEDIUM NEED_MEDIUM RISK,IH-DSA,01/05/2023,0.0141,0.1127,7.2
GOODBANK,XS,XSELL_MEDIUM NEED_MEDIUM RISK,IH-POS,01/01/2023,0.0000,0.0000,1.2
GOODBANK,XS,XSELL_MEDIUM NEED_MEDIUM RISK,IH-POS,01/02/2023,0.0151,0.1158,5.0
GOODBANK,XS,XSELL_MEDIUM NEED_MEDIUM RISK,IH-POS,01/03/2023,0.0398,0.1867,4.7
GOODBANK,XS,XSELL_MEDIUM NEED_MEDIUM RISK,IH-POS,01/04/2023,0.0265,0.1531,4.1
GOODBANK,XS,XSELL_MEDIUM NEED_MEDIUM RISK,IH-POS,01/05/2023,0.0118,0.1001,4.0
GOODBANK,XS,XSELL_MEDIUM NEED_MEDIUM RISK,IH-TSA,01/01/2023,0.0000,0.0000,1.5
GOODBANK,XS,XSELL_MEDIUM NEED_MEDIUM RISK,IH-TSA,01/02/2023,0.0377,0.1816,15.9
GOODBANK,XS,XSELL_MEDIUM NEED_MEDIUM RISK,IH-TSA,01/03/2023,0.0176,0.1237,10.9
GOODBANK,XS,XSELL_MEDIUM NEED_MEDIUM RISK,IH-TSA,01/04/2023,0.0300,0.1621,11.4
GOODBANK,XS,XSELL_MEDIUM NEED_MEDIUM RISK,IH-TSA,01/05/2023,0.0268,0.1538,13.8
GOODBANK,XS,XSELL_MEDIUM NEED_MEDIUM RISK,IH-TSA LG,01/01/2023,0.0000,0.0000,0.4
GOODBANK,XS,XSELL_MEDIUM NEED_MEDIUM RISK,IH-TSA LG,01/02/2023,0.0333,0.1709,5.9
GOODBANK,XS,XSELL_MEDIUM NEED_MEDIUM RISK,IH-TSA LG,01/03/2023,0.0501,0.2024,5.1
GOODBANK,XS,XSELL_MEDIUM NEED_MEDIUM RISK,IH-TSA LG,01/04/2023,0.0573,0.2115,5.1
GOODBANK,XS,XSELL_MEDIUM NEED_MEDIUM RISK,IH-TSA LG,01/05/2023,0.0000,0.0000,4.1
GOODBANK,XS,XSELL_MEDIUM NEED_MEDIUM RISK,IH-TSA TR,01/01/2023,0.0000,0.0000,0.1
GOODBANK,XS,XSELL_MEDIUM NEED_MEDIUM RISK,IH-TSA TR,01/02/2023,0.0000,0.0000,1.8
GOODBANK,XS,XSELL_MEDIUM NEED_MEDIUM RISK,IH-TSA TR,01/03/2023,0.0209,0.1343,2.2
GOODBANK,XS,XSELL_MEDIUM NEED_MEDIUM RISK,IH-TSA TR,01/04/2023,0.0000,0.0000,2.2
GOODBANK,XS,XSELL_MEDIUM NEED_MEDIUM RISK,IH-TSA TR,01/05/2023,0.0000,0.0000,2.2
GOODBANK,XS,XSELL_MEDIUM RISK,3P-DSA,01/12/2022,0.0782,0.2355,5.5
GOODBANK,XS,XSELL_MEDIUM RISK,3P-DSA,01/01/2023,0.0715,0.2286,8.4
GOODBANK,XS,XSELL_MEDIUM RISK,3P-TSA,01/12/2022,0.0393,0.1856,100.9
GOODBANK,XS,XSELL_MEDIUM RISK,3P-TSA,01/01/2023,0.0234,0.1425,60.9
GOODBANK,XS,XSELL_MEDIUM RISK,IH-DSA,01/12/2022,0.0491,0.2014,48.1
GOODBANK,XS,XSELL_MEDIUM RISK,IH-DSA,01/01/2023,0.0304,0.1633,49.4
GOODBANK,XS,XSELL_MEDIUM RISK,IH-POS,01/12/2022,0.0527,0.2051,20.7
GOODBANK,XS,XSELL_MEDIUM RISK,IH-POS,01/01/2023,0.0148,0.1150,23.6
GOODBANK,XS,XSELL_MEDIUM RISK,IH-TSA,01/12/2022,0.0410,0.1889,160.5
GOODBANK,XS,XSELL_MEDIUM RISK,IH-TSA,01/01/2023,0.0281,0.1572,100.1
GOODBANK,XS,XSELL_MEDIUM RISK,IH-TSA LG,01/12/2022,0.0269,0.1542,53.0
GOODBANK,XS,XSELL_MEDIUM RISK,IH-TSA LG,01/01/2023,0.0168,0.1212,28.8
GOODBANK,XS,XSELL_MEDIUM RISK,IH-TSA TR,01/12/2022,0.0269,0.1540,25.1
GOODBANK,XS,XSELL_MEDIUM RISK,IH-TSA TR,01/01/2023,0.0191,0.1283,18.2
BADBANK,CDL,NON PROMO NON-PORTABLE,3P-POS,01/12/2022,0.0000,0.0000,0.1
BADBANK,CDL,NON PROMO NON-PORTABLE,3P-POS,01/01/2023,0.0670,0.1456,3.2
BADBANK,CDL,NON PROMO NON-PORTABLE,3P-POS,01/02/2023,0.0636,0.1417,1.4
BADBANK,CDL,NON PROMO NON-PORTABLE,3P-POS,01/03/2023,0.1136,0.2204,0.8
BADBANK,CDL,NON PROMO NON-PORTABLE,3P-POS,01/04/2023,0.0726,0.1608,1.0
BADBANK,CDL,NON PROMO NON-PORTABLE,3P-POS,01/05/2023,0.0101,0.0227,5.9
BADBANK,CDL,NON PROMO NON-PORTABLE,IH-POS,01/12/2022,0.0000,0.0000,0.1
BADBANK,CDL,NON PROMO NON-PORTABLE,IH-POS,01/01/2023,0.0455,0.1220,1.4
BADBANK,CDL,NON PROMO NON-PORTABLE,IH-POS,01/02/2023,0.0612,0.1391,0.5
BADBANK,CDL,NON PROMO NON-PORTABLE,IH-POS,01/03/2023,0.0854,0.1743,0.2
BADBANK,CDL,NON PROMO NON-PORTABLE,IH-POS,01/04/2023,0.0000,0.0000,0.2
BADBANK,CDL,NON PROMO NON-PORTABLE,IH-POS,01/05/2023,0.0000,0.0000,0.2
BADBANK,CDL,NON PROMO PORTABLE,3P-POS,01/12/2022,0.1286,0.2636,1.1
BADBANK,CDL,NON PROMO PORTABLE,3P-POS,01/01/2023,0.1167,0.2309,12.1
BADBANK,CDL,NON PROMO PORTABLE,3P-POS,01/02/2023,0.1344,0.2753,11.8
BADBANK,CDL,NON PROMO PORTABLE,3P-POS,01/03/2023,0.1757,0.3601,12.5
BADBANK,CDL,NON PROMO PORTABLE,3P-POS,01/04/2023,0.1705,0.3494,14.8
BADBANK,CDL,NON PROMO PORTABLE,3P-POS,01/05/2023,0.1089,0.2148,31.8
BADBANK,CDL,NON PROMO PORTABLE,IH-POS,01/12/2022,0.0863,0.1757,1.1
BADBANK,CDL,NON PROMO PORTABLE,IH-POS,01/01/2023,0.0678,0.1487,5.1
BADBANK,CDL,NON PROMO PORTABLE,IH-POS,01/02/2023,0.0923,0.1874,3.1
BADBANK,CDL,NON PROMO PORTABLE,IH-POS,01/03/2023,0.0625,0.1406,2.2
BADBANK,CDL,NON PROMO PORTABLE,IH-POS,01/04/2023,0.1023,0.2103,1.0
BADBANK,CDL,NON PROMO PORTABLE,IH-POS,01/05/2023,0.0462,0.1232,1.0
BADBANK,CDL,PROMO NON-PORTABLE,3P-DSA,01/05/2023,,,0.0
BADBANK,CDL,PROMO NON-PORTABLE,3P-POS,01/12/2022,0.0632,0.1413,1.5
BADBANK,CDL,PROMO NON-PORTABLE,3P-POS,01/01/2023,0.0420,0.1157,1.2
BADBANK,CDL,PROMO NON-PORTABLE,3P-POS,01/02/2023,0.0288,0.0746,0.6
BADBANK,CDL,PROMO NON-PORTABLE,3P-POS,01/03/2023,0.0185,0.0402,1.7
BADBANK,CDL,PROMO NON-PORTABLE,3P-POS,01/04/2023,0.0381,0.1049,2.3
BADBANK,CDL,PROMO NON-PORTABLE,3P-POS,01/05/2023,0.0035,0.0089,55.7
BADBANK,CDL,PROMO NON-PORTABLE,IH-POS,01/12/2022,0.0000,0.0000,0.1
BADBANK,CDL,PROMO NON-PORTABLE,IH-POS,01/01/2023,0.1056,0.2125,0.4
BADBANK,CDL,PROMO NON-PORTABLE,IH-POS,01/02/2023,0.1141,0.2209,0.1
BADBANK,CDL,PROMO NON-PORTABLE,IH-POS,01/03/2023,0.2255,0.4621,0.0
BADBANK,CDL,PROMO NON-PORTABLE,IH-POS,01/05/2023,,,0.0
BADBANK,CDL,PROMO PORTABLE,3P-DSA,01/05/2023,,,0.0
BADBANK,CDL,PROMO PORTABLE,3P-POS,01/12/2022,0.1644,0.3368,5.0
BADBANK,CDL,PROMO PORTABLE,3P-POS,01/01/2023,0.0719,0.1597,7.7
BADBANK,CDL,PROMO PORTABLE,3P-POS,01/02/2023,0.0770,0.1661,7.0
BADBANK,CDL,PROMO PORTABLE,3P-POS,01/03/2023,0.0777,0.1666,9.4
BADBANK,CDL,PROMO PORTABLE,3P-POS,01/04/2023,0.0744,0.1638,10.0
BADBANK,CDL,PROMO PORTABLE,3P-POS,01/05/2023,0.0202,0.0445,69.4
BADBANK,CDL,PROMO PORTABLE,IH-POS,01/12/2022,0.1180,0.2366,0.2
BADBANK,CDL,PROMO PORTABLE,IH-POS,01/01/2023,0.1154,0.2252,0.6
BADBANK,CDL,PROMO PORTABLE,IH-POS,01/02/2023,0.0379,0.1042,0.2
BADBANK,CDL,PROMO PORTABLE,IH-POS,01/03/2023,0.2226,0.4561,0.2
BADBANK,CDL,PROMO PORTABLE,IH-POS,01/04/2023,0.0000,0.0000,0.0
BADBANK,CDL,PROMO PORTABLE,IH-POS,01/05/2023,0.0000,0.0000,0.1
BADBANK,CRC,(blank),Digital,01/12/2022,0.2219,,3.2
BADBANK,CRC,(blank),Digital,01/01/2023,0.2500,,1.7
BADBANK,PLLG,LG LOW SCORE,IH-TSA LG,01/03/2023,0.0000,0.0000,0.0
BADBANK,PLLG,LG MED SCORE,IH-TSA LG,01/01/2023,0.0000,0.0000,0.0
BADBANK,PLLG,LG MED SCORE,IH-TSA LG,01/03/2023,0.0000,0.0000,0.0
BADBANK,PLLG,LG MED SCORE,IH-TSA LG,01/05/2023,,,0.0
BADBANK,PLLG,ZALO HIGH SCORE,IH-TSA LG,01/01/2023,0.6825,2.2366,0.0
BADBANK,PLLG,ZALO MED SCORE,IH-TSA LG,01/02/2023,0.0000,0.0000,0.0
BADBANK,PLNLG,B@W,IH-DSA,01/12/2022,0.0000,0.0000,0.0
BADBANK,PLNLG,B@W,IH-DSA,01/01/2023,0.0000,0.0000,0.0
BADBANK,PLNLG,B@W,IH-DSA,01/02/2023,0.0000,0.0000,0.0
BADBANK,PLNLG,UNIFIED NONLG,3P-DSA,01/12/2022,0.0954,0.3438,0.5
BADBANK,PLNLG,UNIFIED NONLG,3P-DSA,01/01/2023,0.2174,0.6701,1.5
BADBANK,PLNLG,UNIFIED NONLG,3P-DSA,01/02/2023,0.1250,0.3852,0.1
BADBANK,PLNLG,UNIFIED NONLG,3P-DSA,01/03/2023,0.0000,0.0000,0.0
BADBANK,PLNLG,UNIFIED NONLG,3P-TSA,01/05/2023,,,0.0
BADBANK,PLNLG,UNIFIED NONLG,IH-DSA,01/12/2022,0.1092,0.3677,4.0
BADBANK,PLNLG,UNIFIED NONLG,IH-DSA,01/01/2023,0.0961,0.3456,8.8
BADBANK,PLNLG,UNIFIED NONLG,IH-DSA,01/02/2023,0.0747,0.2723,0.3
BADBANK,PLNLG,UNIFIED NONLG,IH-DSA,01/03/2023,0.0000,0.0000,0.1
BADBANK,PLNLG,UNIFIED NONLG,IH-DSA,01/04/2023,0.0000,0.0000,0.1
BADBANK,PLNLG,UNIFIED NONLG,IH-DSA,01/05/2023,0.0000,0.0000,0.9
BADBANK,PLNLG,UNIFIED NONLG,IH-POS,01/12/2022,0.0562,0.2357,1.0
BADBANK,PLNLG,UNIFIED NONLG,IH-POS,01/01/2023,0.0443,0.2125,2.0
BADBANK,PLNLG,UNIFIED NONLG,IH-POS,01/02/2023,0.0000,0.0000,0.1
BADBANK,PLNLG,UNIFIED NONLG,IH-POS,01/03/2023,0.0000,0.0000,0.0
BADBANK,PLNLG,UNIFIED NONLG,IH-POS,01/04/2023,0.0000,0.0000,0.0
BADBANK,PLNLG,UNIFIED NONLG,IH-POS,01/05/2023,,,0.1
BADBANK,PLNLG,UNIFIED NONLG,IH-TSA,01/12/2022,0.0840,0.3060,0.2
BADBANK,PLNLG,UNIFIED NONLG,IH-TSA,01/01/2023,0.0690,0.2655,0.3
BADBANK,PLNLG,UNIFIED NONLG,IH-TSA,01/05/2023,,,0.0
BADBANK,PLNLG,UNIFIED NONLG,IH-TSA LG,01/12/2022,0.0902,0.3284,0.6
BADBANK,PLNLG,UNIFIED NONLG,IH-TSA LG,01/01/2023,0.0946,0.3419,1.0
BADBANK,PLNLG,UNIFIED NONLG,IH-TSA LG,01/02/2023,0.0000,0.0000,0.1
BADBANK,PLNLG,UNIFIED NONLG,IH-TSA LG,01/03/2023,0.0000,0.0000,0.0
BADBANK,PLNLG,UNIFIED NONLG,IH-TSA LG,01/04/2023,0.0000,0.0000,0.1
BADBANK,PLNLG,UNIFIED NONLG,IH-TSA LG,01/05/2023,,,0.2
BADBANK,PLNLG,UNIFIED NONLG,IH-TSA TR,01/01/2023,0.0000,0.0000,0.0
BADBANK,TW,TWL NON PROMO NEW BIKE HIGH DP,IH-POS,01/12/2022,0.0421,0.1015,7.3
BADBANK,TW,TWL NON PROMO NEW BIKE HIGH DP,IH-POS,01/01/2023,0.0222,0.0720,2.2
BADBANK,TW,TWL NON PROMO NEW BIKE HIGH DP,IH-POS,01/03/2023,0.0582,0.1211,0.8
BADBANK,TW,TWL NON PROMO NEW BIKE HIGH DP,IH-POS,01/04/2023,0.0534,0.1173,0.6
BADBANK,TW,TWL NON PROMO NEW BIKE HIGH DP,IH-POS,01/05/2023,0.0000,0.0000,0.7
BADBANK,TW,TWL NON PROMO NEW BIKE LOW DP,3P-DSA,01/01/2023,0.0000,0.0000,0.0
BADBANK,TW,TWL NON PROMO NEW BIKE LOW DP,IH-POS,01/12/2022,0.0517,0.1159,4.4
BADBANK,TW,TWL NON PROMO NEW BIKE LOW DP,IH-POS,01/01/2023,0.0390,0.0983,10.1
BADBANK,TW,TWL NON PROMO NEW BIKE LOW DP,IH-POS,01/02/2023,0.0000,0.0000,0.0
BADBANK,TW,TWL NON PROMO NEW BIKE LOW DP,IH-POS,01/03/2023,0.0654,0.1313,3.1
BADBANK,TW,TWL NON PROMO NEW BIKE LOW DP,IH-POS,01/04/2023,0.0740,0.1522,3.4
BADBANK,TW,TWL NON PROMO NEW BIKE LOW DP,IH-POS,01/05/2023,0.0464,0.1094,3.1
BADBANK,TW,TWL NON PROMO USED BIKE HIGH DP,IH-POS,01/12/2022,0.1790,0.3713,0.1
BADBANK,TW,TWL NON PROMO USED BIKE HIGH DP,IH-POS,01/01/2023,0.0000,0.0000,0.1
BADBANK,TW,TWL NON PROMO USED BIKE HIGH DP,IH-POS,01/04/2023,0.0000,0.0000,0.0
BADBANK,TW,TWL NON PROMO USED BIKE HIGH DP,IH-POS,01/05/2023,0.0000,0.0000,0.0
BADBANK,TW,TWL PROMO NEW BIKE HIGH DP,IH-POS,01/12/2022,0.0070,0.0260,8.5
BADBANK,TW,TWL PROMO NEW BIKE HIGH DP,IH-POS,01/01/2023,0.0225,0.0731,6.2
BADBANK,TW,TWL PROMO NEW BIKE HIGH DP,IH-POS,01/03/2023,0.0485,0.1132,1.4
BADBANK,TW,TWL PROMO NEW BIKE HIGH DP,IH-POS,01/04/2023,0.0000,0.0000,1.0
BADBANK,TW,TWL PROMO NEW BIKE HIGH DP,IH-POS,01/05/2023,0.0256,0.0812,1.6
BADBANK,TW,TWL PROMO NEW BIKE LOW DP,IH-POS,01/12/2022,0.0673,0.1352,0.6
BADBANK,TW,TWL PROMO NEW BIKE LOW DP,IH-POS,01/01/2023,0.0258,0.0815,4.5
BADBANK,TW,TWL PROMO NEW BIKE LOW DP,IH-POS,01/03/2023,0.0385,0.0979,1.7
BADBANK,TW,TWL PROMO NEW BIKE LOW DP,IH-POS,01/04/2023,0.0517,0.1159,1.2
BADBANK,TW,TWL PROMO NEW BIKE LOW DP,IH-POS,01/05/2023,0.0409,0.1002,1.3
BADBANK,TW,TWL PROMO USED BIKE HIGH DP,IH-POS,01/12/2022,0.0344,0.0932,4.8
BADBANK,TW,TWL PROMO USED BIKE HIGH DP,IH-POS,01/01/2023,0.0477,0.1119,5.2
BADBANK,TW,TWL PROMO USED BIKE HIGH DP,IH-POS,01/03/2023,0.0362,0.0955,3.4
BADBANK,TW,TWL PROMO USED BIKE HIGH DP,IH-POS,01/04/2023,0.0778,0.1630,3.7
BADBANK,TW,TWL PROMO USED BIKE HIGH DP,IH-POS,01/05/2023,0.0908,0.1964,3.9
BADBANK,TW,TWL PROMO USED BIKE LOW DP,IH-POS,01/12/2022,0.0000,0.0000,0.0
BADBANK,TW,TWL PROMO USED BIKE LOW DP,IH-POS,01/01/2023,0.0734,0.1503,1.7
BADBANK,TW,TWL PROMO USED BIKE LOW DP,IH-POS,01/02/2023,0.0691,0.1395,3.3
BADBANK,TW,TWL PROMO USED BIKE LOW DP,IH-POS,01/03/2023,0.0850,0.1898,0.9
BADBANK,TW,TWL PROMO USED BIKE LOW DP,IH-POS,01/04/2023,0.0000,0.0000,0.3
BADBANK,TW,UNIFIED NONLG,IH-TSA LG,01/01/2023,0.0000,0.0000,0.0
BADBANK,XS,LG HIGH SCORE,IH-TSA LG,01/12/2022,0.0000,0.0000,0.1
BADBANK,XS,UNIFIED NONLG,IH-TSA,01/12/2022,0.0000,0.0000,0.0
BADBANK,XS,UNIFIED NONLG,IH-TSA LG,01/12/2022,0.0741,0.2313,0.4
BADBANK,XS,XSELL_HIGH NEED_HIGH RISK,3P-DSA,01/01/2023,0.0000,0.0000,0.0
BADBANK,XS,XSELL_HIGH NEED_HIGH RISK,3P-TSA,01/12/2022,0.0000,0.0000,0.1
BADBANK,XS,XSELL_HIGH NEED_HIGH RISK,3P-TSA,01/01/2023,0.0000,0.0000,0.1
BADBANK,XS,XSELL_HIGH NEED_HIGH RISK,IH-TSA,01/01/2023,0.3699,0.8357,0.1
BADBANK,XS,XSELL_HIGH NEED_HIGH RISK,IH-TSA,01/04/2023,0.0000,0.0000,0.0
BADBANK,XS,XSELL_HIGH NEED_HIGH RISK,IH-TSA,01/05/2023,,,0.0
BADBANK,XS,XSELL_HIGH NEED_HIGH RISK,IH-TSA LG,01/04/2023,0.0000,0.0000,0.0
BADBANK,XS,XSELL_HIGH NEED_LOW RISK,3P-DSA,01/01/2023,0.0000,0.0000,0.0
BADBANK,XS,XSELL_HIGH NEED_LOW RISK,3P-TSA,01/01/2023,0.0390,0.1849,1.4
BADBANK,XS,XSELL_HIGH NEED_LOW RISK,3P-TSA,01/04/2023,0.0000,0.0000,0.0
BADBANK,XS,XSELL_HIGH NEED_LOW RISK,IH-DSA,01/12/2022,0.0000,0.0000,0.1
BADBANK,XS,XSELL_HIGH NEED_LOW RISK,IH-DSA,01/01/2023,0.0626,0.2185,0.3
BADBANK,XS,XSELL_HIGH NEED_LOW RISK,IH-POS,01/01/2023,0.0000,0.0000,0.2
BADBANK,XS,XSELL_HIGH NEED_LOW RISK,IH-TSA,01/01/2023,0.0097,0.0861,3.1
BADBANK,XS,XSELL_HIGH NEED_LOW RISK,IH-TSA,01/05/2023,,,0.0
BADBANK,XS,XSELL_HIGH NEED_LOW RISK,IH-TSA LG,01/12/2022,0.0000,0.0000,0.0
BADBANK,XS,XSELL_HIGH NEED_LOW RISK,IH-TSA LG,01/01/2023,0.0389,0.1846,1.1
BADBANK,XS,XSELL_HIGH NEED_MEDIUM RISK,3P-TSA,01/01/2023,0.0000,0.0000,0.4
BADBANK,XS,XSELL_HIGH NEED_MEDIUM RISK,IH-DSA,01/01/2023,0.0000,0.0000,0.1
BADBANK,XS,XSELL_HIGH NEED_MEDIUM RISK,IH-POS,01/01/2023,0.0000,0.0000,0.0
BADBANK,XS,XSELL_HIGH NEED_MEDIUM RISK,IH-TSA,01/01/2023,0.1029,0.2541,0.7
BADBANK,XS,XSELL_HIGH NEED_MEDIUM RISK,IH-TSA,01/05/2023,,,0.1
BADBANK,XS,XSELL_HIGH NEED_MEDIUM RISK,IH-TSA LG,01/01/2023,0.4888,1.1043,0.1
BADBANK,XS,XSELL_HIGH NEED_MEDIUM RISK,IH-TSA LG,01/05/2023,,,0.1
BADBANK,XS,XSELL_LOW NEED_HIGH RISK,3P-DSA,01/01/2023,0.0000,0.0000,0.0
BADBANK,XS,XSELL_LOW NEED_HIGH RISK,3P-TSA,01/12/2022,0.0000,0.0000,0.0
BADBANK,XS,XSELL_LOW NEED_HIGH RISK,3P-TSA,01/01/2023,0.0000,0.0000,0.2
BADBANK,XS,XSELL_LOW NEED_HIGH RISK,IH-DSA,01/01/2023,0.0000,0.0000,0.0
BADBANK,XS,XSELL_LOW NEED_HIGH RISK,IH-DSA,01/02/2023,0.0000,0.0000,0.0
BADBANK,XS,XSELL_LOW NEED_HIGH RISK,IH-POS,01/01/2023,0.0000,0.0000,0.1
BADBANK,XS,XSELL_LOW NEED_HIGH RISK,IH-POS,01/02/2023,0.0000,0.0000,0.1
BADBANK,XS,XSELL_LOW NEED_HIGH RISK,IH-TSA,01/01/2023,0.0653,0.2220,0.3
BADBANK,XS,XSELL_LOW NEED_HIGH RISK,IH-TSA,01/02/2023,0.0000,0.0000,0.3
BADBANK,XS,XSELL_LOW NEED_HIGH RISK,IH-TSA,01/05/2023,,,0.0
BADBANK,XS,XSELL_LOW NEED_HIGH RISK,IH-TSA LG,01/05/2023,,,0.1
BADBANK,XS,XSELL_LOW NEED_LOW RISK,3P-DSA,01/01/2023,0.0000,0.0000,0.0
BADBANK,XS,XSELL_LOW NEED_LOW RISK,3P-TSA,01/01/2023,0.0000,0.0000,1.0
BADBANK,XS,XSELL_LOW NEED_LOW RISK,IH-DSA,01/12/2022,0.0000,0.0000,0.0
BADBANK,XS,XSELL_LOW NEED_LOW RISK,IH-DSA,01/01/2023,0.1093,0.2587,0.3
BADBANK,XS,XSELL_LOW NEED_LOW RISK,IH-DSA,01/05/2023,,,0.1
BADBANK,XS,XSELL_LOW NEED_LOW RISK,IH-POS,01/01/2023,0.2492,0.5629,0.1
BADBANK,XS,XSELL_LOW NEED_LOW RISK,IH-TSA,01/01/2023,0.0642,0.2206,1.6
BADBANK,XS,XSELL_LOW NEED_LOW RISK,IH-TSA LG,01/01/2023,0.0000,0.0000,0.4
BADBANK,XS,XSELL_LOW NEED_LOW RISK,IH-TSA LG,01/05/2023,,,0.1
BADBANK,XS,XSELL_LOW NEED_MEDIUM RISK,3P-TSA,01/01/2023,0.0000,0.0000,0.1
BADBANK,XS,XSELL_LOW NEED_MEDIUM RISK,IH-DSA,01/05/2023,,,0.0
BADBANK,XS,XSELL_LOW NEED_MEDIUM RISK,IH-TSA,01/01/2023,0.1383,0.3123,0.3
BADBANK,XS,XSELL_LOW RISK,3P-TSA,01/12/2022,0.0000,0.0000,0.0
BADBANK,XS,XSELL_LOW RISK,3P-TSA,01/01/2023,0.0000,0.0000,0.0
BADBANK,XS,XSELL_LOW RISK,IH-TSA,01/12/2022,0.0000,0.0000,0.1
BADBANK,XS,XSELL_MEDIUM NEED_HIGH RISK,3P-TSA,01/01/2023,0.0000,0.0000,0.1
BADBANK,XS,XSELL_MEDIUM NEED_HIGH RISK,IH-DSA,01/12/2022,0.0000,0.0000,0.0
BADBANK,XS,XSELL_MEDIUM NEED_HIGH RISK,IH-DSA,01/01/2023,0.6273,1.4173,0.0
BADBANK,XS,XSELL_MEDIUM NEED_HIGH RISK,IH-DSA,01/02/2023,0.0000,0.0000,0.0
BADBANK,XS,XSELL_MEDIUM NEED_HIGH RISK,IH-TSA,01/12/2022,0.0000,0.0000,0.0
BADBANK,XS,XSELL_MEDIUM NEED_HIGH RISK,IH-TSA,01/01/2023,0.0000,0.0000,0.1
BADBANK,XS,XSELL_MEDIUM NEED_HIGH RISK,IH-TSA,01/02/2023,0.0000,0.0000,0.0
BADBANK,XS,XSELL_MEDIUM NEED_HIGH RISK,IH-TSA LG,01/05/2023,,,0.0
BADBANK,XS,XSELL_MEDIUM NEED_HIGH RISK,IH-TSA TR,01/04/2023,0.0000,0.0000,0.0
BADBANK,XS,XSELL_MEDIUM NEED_LOW RISK,3P-DSA,01/01/2023,0.0000,0.0000,0.1
BADBANK,XS,XSELL_MEDIUM NEED_LOW RISK,3P-TSA,01/01/2023,0.0640,0.2203,0.8
BADBANK,XS,XSELL_MEDIUM NEED_LOW RISK,IH-DSA,01/01/2023,0.0000,0.0000,0.3
BADBANK,XS,XSELL_MEDIUM NEED_LOW RISK,IH-DSA,01/02/2023,0.0000,0.0000,0.0
BADBANK,XS,XSELL_MEDIUM NEED_LOW RISK,IH-POS,01/12/2022,0.0000,0.0000,0.0
BADBANK,XS,XSELL_MEDIUM NEED_LOW RISK,IH-POS,01/01/2023,0.0000,0.0000,0.2
BADBANK,XS,XSELL_MEDIUM NEED_LOW RISK,IH-TSA,01/01/2023,0.0102,0.0892,3.0
BADBANK,XS,XSELL_MEDIUM NEED_LOW RISK,IH-TSA,01/05/2023,,,0.0
BADBANK,XS,XSELL_MEDIUM NEED_LOW RISK,IH-TSA LG,01/01/2023,0.0000,0.0000,0.4
BADBANK,XS,XSELL_MEDIUM NEED_MEDIUM RISK,3P-TSA,01/01/2023,0.0963,0.2490,0.3
BADBANK,XS,XSELL_MEDIUM NEED_MEDIUM RISK,IH-DSA,01/05/2023,,,0.0
BADBANK,XS,XSELL_MEDIUM NEED_MEDIUM RISK,IH-TSA,01/01/2023,0.0752,0.2325,0.3
BADBANK,XS,XSELL_MEDIUM NEED_MEDIUM RISK,IH-TSA,01/05/2023,,,0.1
BADBANK,XS,XSELL_MEDIUM NEED_MEDIUM RISK,IH-TSA LG,01/01/2023,0.0000,0.0000,0.0
BADBANK,XS,XSELL_MEDIUM NEED_MEDIUM RISK,IH-TSA LG,01/05/2023,,,0.0
BADBANK,XS,XSELL_MEDIUM NEED_MEDIUM RISK,IH-TSA TR,01/05/2023,,,0.1
BADBANK,XS,XSELL_MEDIUM RISK,3P-TSA,01/12/2022,0.1088,0.2583,0.3
BADBANK,XS,XSELL_MEDIUM RISK,IH-TSA,01/01/2023,0.0000,0.0000,0.0
BADBANK,XS,ZALO HIGH SCORE,IH-TSA LG,01/12/2022,0.0000,0.0000,0.0
BADBANK,XS,ZALO MED SCORE,IH-TSA LG,01/12/2022,0.0000,0.0000,0.1
